"Sr. No.","State","Hon'ble Members of Parliaments","Constituency","Allocated AMOUNT ( ₹ )"
"1","Maharashtra","AASHTIKAR PATIL NAGESH BAPURAO","HINGOLI","190289442"
"2","Maharashtra","ADV GOWAAL KAGADA PADAVI","NANDURBAR(ST)","147816309.11"
"3","Maharashtra","AMAR SHARADRAO KALE","WARDHA","147000000"
"4","Maharashtra","Amol Ramsing Kolhe","SHIRUR","147000000"
"5","Maharashtra","ANIL YESHWANT DESAI","MUMBAI SOUTH CENTRAL","147000000"
"6","Maharashtra","ANUP SANJAY DHOTRE","AKOLA","147000000"
"7","Maharashtra","Arvind Ganpat Sawant","MUMBAI SOUTH","147000000"
"8","Maharashtra","BACHHAV SHOBHA DINESH","DHULE","147000000"
"9","Maharashtra","BAJRANG MANOHAR SONWANE","BEED","165899107.19"
"10","Maharashtra","BALWANT BASWANT WANKHADE","AMRAVATI(SC)","198293678"
"11","Maharashtra","BALYA MAMA SURESH GOPINATH MHATRE","BHIWANDI","147000000"
"12","Maharashtra","BHASKAR MURLIDHAR BHAGARE","DINDORI(ST)","147000000"
"13","Maharashtra","BHAUSAHEB RAJARAM WAKCHAURE","SHIRDI(SC)","147000000"
"14","Maharashtra","BHUMARE SANDIPANRAO ASARAM","AURANGABAD_MH","147000000"
"15","Maharashtra","CHAVAN VASANTRAO BALWANTRAO","NANDED",""
"16","Maharashtra","CHHATRAPATI SHAHU SHAHAJI","KOLHAPUR","147000000"
"17","Maharashtra","Dhairyasheel Sambhajirao Mane","HATKANANGLE","147000000"
"18","Maharashtra","DHANORKAR PRATIBHA SURESH ALIAS BALUBHAU","CHANDRAPUR","147000000"
"19","Maharashtra","DR KALGE SHIVAJI BANDAPPA","LATUR(SC)","147000000"
"20","Maharashtra","DR. HEMANT VISHNU SAVARA","PALGHAR(ST)","147000000"
"21","Maharashtra","DR. KIRSAN NAMDEO","GADCHIROLI-CHIMUR(ST)","147000000"
"22","Maharashtra","DR. PRASHANT YADAORAO PADOLE","BHANDARA-GONDIYA","159680283.39"
"23","Maharashtra","GAIKWAD VARSHA EKNATH","MUMBAI NORTH-CENTRAL","147000000"
"24","Maharashtra","KALYAN VAIJINATHRAO KALE","JALNA","147000000"
"25","Maharashtra","MOHITE PATIL DHAIRYASHEEL RAJSINH","MADHA","195613601.7"
"26","Maharashtra","MURLIDHAR MOHOL","PUNE","147000000"
"27","Maharashtra","NARAYAN TATU RANE","RATNAGIRI-SINDHUDURG","147000000"
"28","Maharashtra","NARESH GANPAT MHASKE","THANE","147000000"
"29","Maharashtra","NILESH DNYANDEV LANKE","AHMEDNAGAR","147000000"
"30","Maharashtra","Nitin Jairam Gadkari","NAGPUR","168195086.11"
"31","Maharashtra","Omprakash Bhupalsinh Alias Pawan Rajenimbalkar","OSMANABAD","184758519.11"
"32","Maharashtra","Piyush Vedprakash Goyal","MUMBAI NORTH","147000000"
"33","Maharashtra","PRANITI SUSHILKUMAR SHINDE","SOLAPUR(SC)","147000000"
"34","Maharashtra","Prataprao Jadhav","BULDHANA","147000000"
"35","Maharashtra","RAJABHAU","NASHIK","152878682.11"
"36","Maharashtra","RAVINDRA DATTARAM WAIKAR","MUMBAI NORTH WEST","147000000"
"37","Maharashtra","Ravindra Vasantrao Chavan","NANDED","147000000"
"38","Maharashtra","SANJAY DINA PATIL","MUMBAI NORTH EAST","147000000"
"39","Maharashtra","Sanjay Haribhau Jadhav","PARBHANI","147000000"
"40","Maharashtra","Sanjay Uttamrao Deshmukh","YAVATMAL-WASHIM","185640423"
"41","Maharashtra","Shrikant Eknath Shinde","KALYAN","147000000"
"42","Maharashtra","SHRIMANT CHH UDAYANRAJE PRATAPSINHAMAHARAJ BHONSLE","SATARA","147000000"
"43","Maharashtra","Shrirang Appa Barne","MAVAL","147000000"
"44","Maharashtra","Shyamkumar","RAMTEK(SC)","147000000"
"45","Maharashtra","SMITA UDAY WAGH","JALGAON","148107373.11"
"46","Maharashtra","Smt Raksha Nikhil Khadse","RAVER","153112586.11"
"47","Maharashtra","Smt Supriya Sadanand Sule","BARAMATI","147000000"
"48","Maharashtra","Sunil Dattatray Tatkare","RAIGAD","147000000"
"49","Maharashtra","VISHAL","SANGLI","147000000"
"Grand Total"," "," "," ","7,34,22,85,090.94"