work_id,total_paid,payment_count,first_payment_date,last_payment_date
WS/	 MP667/2025-2026/159631,1432750,1,2026-03-10,2026-03-10
WS/	 MP667/2025-2026/160975,3086456,1,2026-03-20,2026-03-20
WS/	 MP667/2025-2026/218308,1000000,1,2026-07-27,2026-07-27
WS/MP18110/2024-2025/167291,974340,1,2025-06-10,2025-06-10
WS/MP18110/2025-2026/209772,4776925,1,2026-01-01,2026-01-01
WS/MP18110/2025-2026/209773,1000000,1,2025-10-17,2025-10-17
WS/MP18110/2025-2026/209774,1000000,1,2026-01-09,2026-01-09
WS/MP18110/2025-2026/209775,700000,1,2025-10-17,2025-10-17
WS/MP18110/2025-2026/209776,1493825,1,2025-12-19,2025-12-19
WS/MP18110/2025-2026/209777,1474746,1,2026-04-07,2026-04-07
WS/MP18110/2025-2026/209780,1483976,1,2026-06-24,2026-06-24
WS/MP18110/2025-2026/209782,995411,1,2026-02-25,2026-02-25
WS/MP18110/2025-2026/209784,971493,1,2026-01-19,2026-01-19
WS/MP18110/2025-2026/209785,999962,1,2026-04-09,2026-04-09
WS/MP18110/2025-2026/209786,990652,1,2026-07-10,2026-07-10
WS/MP18110/2025-2026/242056,968030,1,2026-07-08,2026-07-08
WS/MP18110/2025-2026/242059,1000000,1,2026-02-25,2026-02-25
WS/MP18110/2026-2027/242057,1486985,1,2026-06-24,2026-06-24
WS/MP18110/2026-2027/242058,2500000,1,2026-07-03,2026-07-03
WS/MP18110/2026-2027/248579,993116,1,2026-06-25,2026-06-25
WS/MP18111/2025-2026/144098,396568,1,2025-04-03,2025-04-03
WS/MP18111/2025-2026/144099,483603,1,2025-05-29,2025-05-29
WS/MP18111/2025-2026/177759,968831,2,2025-10-16,2025-11-04
WS/MP18111/2025-2026/177761,985293,1,2026-02-10,2026-02-10
WS/MP18111/2025-2026/177808,985659,2,2025-10-01,2025-10-15
WS/MP18111/2025-2026/177978,971247,1,2025-10-12,2025-10-12
WS/MP18111/2025-2026/187050,979216,2,2026-01-28,2026-02-17
WS/MP18111/2025-2026/187053,988642,1,2025-12-15,2025-12-15
WS/MP18111/2025-2026/187060,972537,1,2025-10-31,2025-10-31
WS/MP18111/2025-2026/187064,987534,1,2026-03-10,2026-03-10
WS/MP18111/2025-2026/187068,987455,1,2026-02-05,2026-02-05
WS/MP18111/2025-2026/187074,990061,1,2025-12-08,2025-12-08
WS/MP18111/2025-2026/187078,986977,1,2025-10-14,2025-10-14
WS/MP18111/2025-2026/187082,983626,1,2025-11-21,2025-11-21
WS/MP18111/2025-2026/187087,986905,1,2025-10-14,2025-10-14
WS/MP18111/2025-2026/187088,986743,1,2025-10-14,2025-10-14
WS/MP18111/2025-2026/187092,978744,2,2026-03-04,2026-06-19
WS/MP18111/2025-2026/187100,988046,2,2025-10-12,2025-10-17
WS/MP18111/2025-2026/187101,970750,1,2025-10-06,2025-10-06
WS/MP18111/2025-2026/187103,984417,1,2026-01-12,2026-01-12
WS/MP18111/2025-2026/187104,987554,2,2025-08-29,2025-09-16
WS/MP18111/2025-2026/187111,987502,2,2025-07-31,2025-08-25
WS/MP18111/2025-2026/187113,986385,1,2025-10-06,2025-10-06
WS/MP18111/2025-2026/187116,986782,1,2026-02-13,2026-02-13
WS/MP18111/2025-2026/187118,984714,1,2026-02-05,2026-02-05
WS/MP18111/2025-2026/187119,981707,1,2025-10-30,2025-10-30
WS/MP18111/2025-2026/187122,976441,2,2025-10-29,2026-03-28
WS/MP18111/2025-2026/187508,985973,1,2025-11-22,2025-11-22
WS/MP18111/2025-2026/187509,958282,2,2025-08-29,2025-10-09
WS/MP18111/2025-2026/187532,970977,1,2025-10-12,2025-10-12
WS/MP18111/2025-2026/187534,987005,1,2025-12-09,2025-12-09
WS/MP18111/2025-2026/187541,992607,1,2025-12-04,2025-12-04
WS/MP18111/2025-2026/187543,992728,1,2025-12-05,2025-12-05
WS/MP18111/2025-2026/188364,287286,2,2025-08-29,2025-10-09
WS/MP18111/2025-2026/194800,873496,1,2025-12-05,2025-12-05
WS/MP18111/2025-2026/194801,900000,1,2025-12-08,2025-12-08
WS/MP18111/2025-2026/194802,950000,1,2025-12-08,2025-12-08
WS/MP18111/2025-2026/194803,992464,1,2025-12-30,2025-12-30
WS/MP18111/2025-2026/194804,994261,1,2026-01-23,2026-01-23
WS/MP18111/2025-2026/194805,977091,1,2025-12-04,2025-12-04
WS/MP18111/2025-2026/194806,972138,1,2025-12-30,2025-12-30
WS/MP18111/2025-2026/269009,500000,1,2026-04-03,2026-04-03
WS/MP18111/2026-2027/187121,1000000,1,2026-06-15,2026-06-15
WS/MP18111/2026-2027/187511,990840,1,2026-04-29,2026-04-29
WS/MP18111/2026-2027/188362,586926,1,2026-04-07,2026-04-07
WS/MP18111/2026-2027/188367,1000000,1,2026-07-27,2026-07-27
WS/MP18111/2026-2027/194807,990124,1,2026-06-24,2026-06-24
WS/MP18111/2026-2027/224225,520557,1,2026-05-21,2026-05-21
WS/MP18111/2026-2027/268993,982424,1,2026-08-27,2026-08-27
WS/MP18111/2026-2027/269012,970928,1,2026-09-07,2026-09-07
WS/MP18111/2026-2027/269014,294791,2,2026-06-18,2026-06-23
WS/MP18111/2026-2027/269017,987461,2,2026-05-27,2026-06-18
WS/MP18111/2026-2027/269023,987685,2,2026-05-27,2026-06-18
WS/MP18111/2026-2027/269033,983250,1,2026-09-03,2026-09-03
WS/MP18111/2026-2027/269037,984839,1,2026-08-17,2026-08-17
WS/MP18111/2026-2027/273202,972077,1,2026-08-24,2026-08-24
WS/MP18111/2026-2027/273222,986945,1,2026-08-19,2026-08-19
WS/MP18111/2026-2027/276689,972751,1,2026-08-10,2026-08-10
WS/MP18111/2026-2027/276690,976283,1,2026-09-03,2026-09-03
WS/MP18112/2024-2025/136520,1998642,2,2025-07-02,2025-09-02
WS/MP18112/2024-2025/136522,1497556,3,2025-05-30,2026-05-27
WS/MP18112/2024-2025/136532,1499996,2,2025-10-01,2025-12-15
WS/MP18112/2024-2025/136716,994082,1,2025-10-11,2025-10-11
WS/MP18112/2024-2025/136975,598750,2,2025-12-08,2026-03-11
WS/MP18112/2024-2025/136983,600000,1,2026-05-29,2026-05-29
WS/MP18112/2024-2025/136984,1496534,2,2026-04-11,2026-07-12
WS/MP18112/2024-2025/136991,1198987,2,2025-12-18,2026-05-27
WS/MP18112/2024-2025/136992,1999127,1,2025-06-09,2025-06-09
WS/MP18112/2024-2025/136993,999362,1,2025-06-13,2025-06-13
WS/MP18112/2024-2025/136994,794715,2,2025-05-30,2025-12-13
WS/MP18112/2024-2025/143947,1441000,1,2025-11-13,2025-11-13
WS/MP18112/2024-2025/145331,694357,2,2025-10-24,2026-01-17
WS/MP18112/2024-2025/164632,2836162,1,2025-05-26,2025-05-26
WS/MP18112/2024-2025/164640,999205,1,2025-06-27,2025-06-27
WS/MP18112/2024-2025/175355,499940,1,2025-06-23,2025-06-23
WS/MP18112/2024-2025/178885,998844,2,2025-07-03,2025-08-26
WS/MP18112/2024-2025/180045,800000,2,2025-10-24,2026-01-17
WS/MP18112/2025-2026/144100,694428,1,2026-07-16,2026-07-16
WS/MP18112/2025-2026/164644,1102688,1,2026-05-27,2026-05-27
WS/MP18112/2025-2026/166836,299956,1,2025-07-09,2025-07-09
WS/MP18112/2025-2026/166838,299956,1,2025-07-09,2025-07-09
WS/MP18112/2025-2026/166839,299956,1,2025-07-09,2025-07-09
WS/MP18112/2025-2026/166840,299956,1,2025-07-09,2025-07-09
WS/MP18112/2025-2026/177326,999338,1,2026-07-03,2026-07-03
WS/MP18112/2025-2026/177328,996059,1,2026-06-15,2026-06-15
WS/MP18112/2025-2026/177331,787513,1,2026-05-18,2026-05-18
WS/MP18112/2025-2026/177508,951952,1,2026-05-27,2026-05-27
WS/MP18112/2025-2026/177510,1996461,1,2026-05-12,2026-05-12
WS/MP18112/2025-2026/177511,894209,1,2026-08-05,2026-08-05
WS/MP18112/2025-2026/178905,996941,1,2026-03-21,2026-03-21
WS/MP18112/2025-2026/188584,999878,1,2026-03-30,2026-03-30
WS/MP18112/2025-2026/188585,992544,1,2026-03-31,2026-03-31
WS/MP18112/2025-2026/188586,576472,1,2026-08-05,2026-08-05
WS/MP18112/2025-2026/188589,961000,1,2026-02-18,2026-02-18
WS/MP18112/2025-2026/188591,960000,1,2026-03-24,2026-03-24
WS/MP18112/2025-2026/188592,2872795,1,2026-04-12,2026-04-12
WS/MP18112/2025-2026/188607,694648,1,2026-04-16,2026-04-16
WS/MP18112/2025-2026/188608,1496344,1,2026-06-30,2026-06-30
WS/MP18112/2025-2026/188616,1192287,1,2026-03-10,2026-03-10
WS/MP18112/2025-2026/188617,397004,1,2026-07-20,2026-07-20
WS/MP18112/2025-2026/188618,1497356,1,2026-03-10,2026-03-10
WS/MP18112/2025-2026/188619,1499170,2,2026-02-26,2026-07-17
WS/MP18112/2025-2026/188633,1199641,1,2026-07-31,2026-07-31
WS/MP18112/2025-2026/188842,1499601,1,2026-06-15,2026-06-15
WS/MP18112/2025-2026/188954,793137,1,2025-08-18,2025-08-18
WS/MP18112/2025-2026/188955,494649,1,2025-09-02,2025-09-02
WS/MP18112/2025-2026/188956,687463,1,2025-07-19,2025-07-19
WS/MP18112/2025-2026/188982,1492290,1,2026-02-18,2026-02-18
WS/MP18112/2025-2026/188983,973361,1,2026-04-15,2026-04-15
WS/MP18112/2025-2026/189000,970479,1,2026-06-23,2026-06-23
WS/MP18112/2025-2026/189005,891074,1,2026-05-18,2026-05-18
WS/MP18112/2025-2026/189777,781671,1,2025-10-18,2025-10-18
WS/MP18112/2025-2026/194085,1000000,1,2026-03-21,2026-03-21
WS/MP18112/2025-2026/199853,952000,1,2026-04-10,2026-04-10
WS/MP18112/2025-2026/199855,998197,2,2026-03-17,2026-06-18
WS/MP18112/2025-2026/199856,787875,1,2026-01-07,2026-01-07
WS/MP18112/2025-2026/200105,446796,1,2026-05-18,2026-05-18
WS/MP18112/2025-2026/200107,299962,1,2026-01-22,2026-01-22
WS/MP18112/2025-2026/200109,299962,1,2026-01-22,2026-01-22
WS/MP18112/2025-2026/200115,499860,1,2025-10-01,2025-10-01
WS/MP18112/2025-2026/200936,985762,1,2026-03-07,2026-03-07
WS/MP18112/2025-2026/203657,775116,1,2026-01-07,2026-01-07
WS/MP18112/2025-2026/205148,986906,1,2026-05-29,2026-05-29
WS/MP18112/2025-2026/211417,842346,1,2026-08-04,2026-08-04
WS/MP18112/2025-2026/213849,784170,1,2026-06-18,2026-06-18
WS/MP18112/2025-2026/217109,693022,1,2025-10-16,2025-10-16
WS/MP18112/2025-2026/217118,640526,1,2025-11-14,2025-11-14
WS/MP18112/2025-2026/217119,682107,2,2025-11-26,2026-08-03
WS/MP18112/2025-2026/217148,692605,1,2025-11-21,2025-11-21
WS/MP18112/2025-2026/233018,979662,1,2026-09-08,2026-09-08
WS/MP18112/2025-2026/233019,614325,1,2026-08-07,2026-08-07
WS/MP18112/2025-2026/233021,999340,1,2026-03-25,2026-03-25
WS/MP18112/2025-2026/233385,1198341,2,2026-05-20,2026-07-22
WS/MP18112/2025-2026/233391,498615,1,2026-03-20,2026-03-20
WS/MP18112/2025-2026/233398,853761,1,2026-06-10,2026-06-10
WS/MP18112/2025-2026/233404,1499496,1,2026-07-17,2026-07-17
WS/MP18112/2025-2026/233405,566690,1,2026-06-15,2026-06-15
WS/MP18112/2025-2026/233406,1199662,1,2026-08-17,2026-08-17
WS/MP18112/2025-2026/233407,1199810,1,2026-08-20,2026-08-20
WS/MP18112/2025-2026/233410,990844,1,2026-07-03,2026-07-03
WS/MP18112/2025-2026/233412,999670,2,2026-06-20,2026-08-10
WS/MP18112/2025-2026/233413,998775,1,2026-03-22,2026-03-22
WS/MP18112/2025-2026/233414,966044,1,2026-08-03,2026-08-03
WS/MP18112/2025-2026/233585,855259,1,2026-08-05,2026-08-05
WS/MP18112/2025-2026/233588,330990,1,2026-03-07,2026-03-07
WS/MP18112/2025-2026/233589,330990,1,2026-03-07,2026-03-07
WS/MP18112/2025-2026/233595,330990,1,2026-03-07,2026-03-07
WS/MP18112/2025-2026/233599,330990,1,2026-03-07,2026-03-07
WS/MP18112/2025-2026/233600,330990,1,2026-03-07,2026-03-07
WS/MP18112/2025-2026/236488,330990,1,2026-03-07,2026-03-07
WS/MP18112/2025-2026/236489,330990,1,2026-03-07,2026-03-07
WS/MP18112/2025-2026/243544,998755,2,2025-10-29,2025-12-22
WS/MP18112/2025-2026/243760,992500,1,2026-08-11,2026-08-11
WS/MP18112/2025-2026/249985,996015,1,2026-01-07,2026-01-07
WS/MP18112/2025-2026/249987,986321,1,2026-01-07,2026-01-07
WS/MP18112/2025-2026/258223,970281,1,2026-08-24,2026-08-24
WS/MP18112/2025-2026/258916,951150,1,2026-01-16,2026-01-16
WS/MP18112/2025-2026/259047,330990,1,2026-03-07,2026-03-07
WS/MP18112/2025-2026/259059,479000,1,2026-05-22,2026-05-22
WS/MP18112/2025-2026/259060,498287,1,2026-05-17,2026-05-17
WS/MP18112/2026-2027/164649,497585,1,2026-07-24,2026-07-24
WS/MP18112/2026-2027/164651,499999,1,2026-07-24,2026-07-24
WS/MP18112/2026-2027/252259,595584,1,2026-09-02,2026-09-02
WS/MP18112/2026-2027/259061,975465,1,2026-08-20,2026-08-20
WS/MP18113/2025-2026/162518,1491921,1,2025-06-12,2025-06-12
WS/MP18113/2025-2026/162522,2499612,1,2025-08-05,2025-08-05
WS/MP18113/2025-2026/166722,2482574,1,2026-01-07,2026-01-07
WS/MP18113/2025-2026/176732,1991442,1,2025-07-10,2025-07-10
WS/MP18113/2025-2026/176734,1999000,1,2025-08-26,2025-08-26
WS/MP18113/2025-2026/180320,974667,1,2025-12-08,2025-12-08
WS/MP18113/2025-2026/185620,1472317,1,2026-03-05,2026-03-05
WS/MP18113/2025-2026/185622,1500000,1,2026-03-02,2026-03-02
WS/MP18113/2025-2026/185623,1500000,1,2026-02-24,2026-02-24
WS/MP18113/2025-2026/192629,1972562,1,2026-03-16,2026-03-16
WS/MP18113/2025-2026/192630,1968229,1,2026-03-16,2026-03-16
WS/MP18113/2025-2026/192641,994542,1,2025-10-03,2025-10-03
WS/MP18113/2025-2026/193125,994421,1,2026-02-13,2026-02-13
WS/MP18113/2025-2026/193132,992820,1,2025-09-12,2025-09-12
WS/MP18113/2025-2026/193577,2000000,1,2025-10-17,2025-10-17
WS/MP18113/2025-2026/193579,1997882,2,2025-10-17,2025-10-17
WS/MP18113/2025-2026/194151,1989626,1,2026-03-23,2026-03-23
WS/MP18113/2025-2026/197037,998112,1,2026-03-21,2026-03-21
WS/MP18113/2025-2026/202118,1499882,1,2025-11-06,2025-11-06
WS/MP18113/2025-2026/202192,1000000,1,2026-03-16,2026-03-16
WS/MP18113/2025-2026/219628,989730,1,2025-10-17,2025-10-17
WS/MP18113/2025-2026/219638,1498823,1,2026-01-12,2026-01-12
WS/MP18113/2025-2026/219666,993175,1,2025-10-17,2025-10-17
WS/MP18113/2025-2026/219691,999000,1,2025-12-30,2025-12-30
WS/MP18113/2025-2026/226247,1486882,1,2026-04-06,2026-04-06
WS/MP18113/2025-2026/226274,999000,1,2026-03-19,2026-03-19
WS/MP18113/2025-2026/226276,993562,1,2025-12-23,2025-12-23
WS/MP18113/2026-2027/193159,1499000,1,2026-09-01,2026-09-01
WS/MP18113/2026-2027/193160,993937,1,2026-09-07,2026-09-07
WS/MP18113/2026-2027/193162,986643,1,2026-05-22,2026-05-22
WS/MP18113/2026-2027/201976,1497230,1,2026-07-02,2026-07-02
WS/MP18113/2026-2027/202128,924462,1,2026-05-18,2026-05-18
WS/MP18113/2026-2027/202193,964272,1,2026-05-18,2026-05-18
WS/MP18113/2026-2027/226249,983943,1,2026-09-07,2026-09-07
WS/MP18113/2026-2027/226266,987871,1,2026-07-30,2026-07-30
WS/MP18113/2026-2027/226267,981269,1,2026-05-20,2026-05-20
WS/MP18113/2026-2027/244708,1999000,1,2026-08-10,2026-08-10
WS/MP18113/2026-2027/247243,987912,1,2026-07-02,2026-07-02
WS/MP18113/2026-2027/247450,987912,1,2026-07-02,2026-07-02
WS/MP18114/2025-2026/157436,898906,1,2026-01-01,2026-01-01
WS/MP18114/2025-2026/157437,999366,1,2025-09-16,2025-09-16
WS/MP18114/2025-2026/157438,999556,1,2026-03-28,2026-03-28
WS/MP18114/2025-2026/157440,999084,1,2025-10-08,2025-10-08
WS/MP18114/2025-2026/157446,994001,1,2026-01-29,2026-01-29
WS/MP18114/2025-2026/157447,995218,1,2025-12-11,2025-12-11
WS/MP18114/2025-2026/157450,995532,1,2025-08-14,2025-08-14
WS/MP18114/2025-2026/157452,997293,1,2026-03-17,2026-03-17
WS/MP18114/2025-2026/157454,997785,1,2026-03-28,2026-03-28
WS/MP18114/2025-2026/157456,995370,1,2025-12-11,2025-12-11
WS/MP18114/2025-2026/157475,998532,1,2025-09-16,2025-09-16
WS/MP18114/2025-2026/157479,699468,1,2025-05-08,2025-05-08
WS/MP18114/2025-2026/157481,995204,1,2026-03-28,2026-03-28
WS/MP18114/2025-2026/157492,995447,1,2026-04-04,2026-04-04
WS/MP18114/2025-2026/157541,998898,1,2026-02-02,2026-02-02
WS/MP18114/2025-2026/157545,999600,1,2026-02-24,2026-02-24
WS/MP18114/2025-2026/157606,993784,1,2026-02-13,2026-02-13
WS/MP18114/2025-2026/157610,999800,1,2026-02-24,2026-02-24
WS/MP18114/2025-2026/157616,996888,1,2026-01-29,2026-01-29
WS/MP18114/2025-2026/157622,994717,1,2025-12-18,2025-12-18
WS/MP18114/2025-2026/157634,996465,1,2026-03-28,2026-03-28
WS/MP18114/2025-2026/157656,896192,1,2025-07-10,2025-07-10
WS/MP18114/2025-2026/157658,898526,1,2026-02-13,2026-02-13
WS/MP18114/2025-2026/166003,992963,1,2026-02-23,2026-02-23
WS/MP18114/2025-2026/166009,990214,1,2025-12-04,2025-12-04
WS/MP18114/2025-2026/166011,993522,1,2026-02-13,2026-02-13
WS/MP18114/2026-2027/157453,997213,1,2026-06-23,2026-06-23
WS/MP18114/2026-2027/157491,998674,1,2026-09-08,2026-09-08
WS/MP18114/2026-2027/157612,699600,1,2026-06-24,2026-06-24
WS/MP18114/2026-2027/157625,998215,1,2026-06-24,2026-06-24
WS/MP18114/2026-2027/157647,998710,1,2026-06-20,2026-06-20
WS/MP18114/2026-2027/157648,998740,1,2026-06-23,2026-06-23
WS/MP18114/2026-2027/157654,998564,1,2026-06-23,2026-06-23
WS/MP18114/2026-2027/227486,999466,1,2026-05-26,2026-05-26
WS/MP18114/2026-2027/227487,996401,1,2026-08-22,2026-08-22
WS/MP18114/2026-2027/227497,997184,1,2026-08-19,2026-08-19
WS/MP18114/2026-2027/227498,999630,1,2026-07-17,2026-07-17
WS/MP18114/2026-2027/247796,992383,1,2026-08-14,2026-08-14
WS/MP18114/2026-2027/247799,993302,1,2026-08-14,2026-08-14
WS/MP18114/2026-2027/247816,995413,1,2026-07-22,2026-07-22
WS/MP18115/2025-2026/186458,697398,1,2026-03-21,2026-03-21
WS/MP18115/2025-2026/186471,697787,1,2026-02-27,2026-02-27
WS/MP18115/2025-2026/186476,697396,1,2026-02-27,2026-02-27
WS/MP18115/2025-2026/186488,687408,1,2026-03-21,2026-03-21
WS/MP18115/2025-2026/186494,497428,1,2026-03-21,2026-03-21
WS/MP18115/2025-2026/186646,699871,1,2026-08-31,2026-08-31
WS/MP18115/2025-2026/186731,697088,1,2026-07-06,2026-07-06
WS/MP18115/2025-2026/186739,997334,1,2026-06-29,2026-06-29
WS/MP18115/2025-2026/188849,1000000,1,2026-02-20,2026-02-20
WS/MP18115/2026-2027/186414,694967,1,2026-04-11,2026-04-11
WS/MP18115/2026-2027/186422,695359,1,2026-09-07,2026-09-07
WS/MP18115/2026-2027/186428,700000,1,2026-07-17,2026-07-17
WS/MP18115/2026-2027/186433,699522,1,2026-07-02,2026-07-02
WS/MP18115/2026-2027/186434,700000,1,2026-07-02,2026-07-02
WS/MP18115/2026-2027/186437,700000,1,2026-07-02,2026-07-02
WS/MP18115/2026-2027/186439,700000,1,2026-07-02,2026-07-02
WS/MP18115/2026-2027/186442,700000,1,2026-07-17,2026-07-17
WS/MP18115/2026-2027/186454,699547,1,2026-07-02,2026-07-02
WS/MP18115/2026-2027/186475,699113,1,2026-07-06,2026-07-06
WS/MP18115/2026-2027/186492,697459,1,2026-07-17,2026-07-17
WS/MP18115/2026-2027/186493,299649,1,2026-04-11,2026-04-11
WS/MP18115/2026-2027/186643,696799,1,2026-09-03,2026-09-03
WS/MP18115/2026-2027/186677,699241,1,2026-08-27,2026-08-27
WS/MP18115/2026-2027/186723,999743,1,2026-06-23,2026-06-23
WS/MP18116/2025-2026/185875,2100000,1,2025-10-07,2025-10-07
WS/MP18116/2025-2026/186699,996428,1,2026-04-08,2026-04-08
WS/MP18116/2025-2026/186710,987471,1,2026-01-29,2026-01-29
WS/MP18116/2025-2026/186719,997000,1,2026-03-27,2026-03-27
WS/MP18116/2025-2026/186722,979651,1,2025-09-30,2025-09-30
WS/MP18116/2025-2026/186741,295624,1,2025-07-05,2025-07-05
WS/MP18116/2025-2026/186744,296098,1,2025-07-05,2025-07-05
WS/MP18116/2025-2026/186747,296098,1,2025-07-05,2025-07-05
WS/MP18116/2025-2026/192284,1463606,1,2025-12-02,2025-12-02
WS/MP18116/2025-2026/192298,999000,1,2025-11-06,2025-11-06
WS/MP18116/2025-2026/192299,999000,1,2025-11-06,2025-11-06
WS/MP18116/2025-2026/192300,999000,1,2025-11-06,2025-11-06
WS/MP18116/2025-2026/202343,1498932,1,2025-11-18,2025-11-18
WS/MP18116/2025-2026/202759,498270,1,2026-02-02,2026-02-02
WS/MP18116/2025-2026/202771,499237,1,2026-02-02,2026-02-02
WS/MP18116/2025-2026/208376,483899,1,2026-02-09,2026-02-09
WS/MP18116/2025-2026/208377,483571,1,2026-02-09,2026-02-09
WS/MP18116/2025-2026/209814,296167,1,2026-05-15,2026-05-15
WS/MP18116/2025-2026/210170,973886,1,2026-02-12,2026-02-12
WS/MP18116/2025-2026/210953,792080,1,2026-05-15,2026-05-15
WS/MP18116/2025-2026/213032,989052,1,2026-08-26,2026-08-26
WS/MP18116/2025-2026/213831,1494508,1,2026-09-02,2026-09-02
WS/MP18116/2025-2026/220948,488225,1,2026-02-14,2026-02-14
WS/MP18116/2025-2026/220949,488004,1,2026-02-14,2026-02-14
WS/MP18116/2025-2026/220950,492617,1,2026-03-13,2026-03-13
WS/MP18116/2025-2026/220951,492695,1,2026-03-13,2026-03-13
WS/MP18116/2025-2026/220954,492080,1,2026-08-06,2026-08-06
WS/MP18116/2025-2026/220956,487287,1,2026-02-14,2026-02-14
WS/MP18116/2025-2026/221635,1487406,1,2026-01-29,2026-01-29
WS/MP18116/2025-2026/221636,1474069,1,2026-04-06,2026-04-06
WS/MP18116/2025-2026/224073,1435102,1,2026-04-10,2026-04-10
WS/MP18116/2025-2026/224081,989838,1,2026-05-05,2026-05-05
WS/MP18116/2025-2026/227495,999300,1,2026-07-10,2026-07-10
WS/MP18116/2025-2026/228144,499939,1,2026-04-22,2026-04-22
WS/MP18116/2025-2026/228146,499545,1,2026-04-21,2026-04-21
WS/MP18116/2025-2026/229118,973636,1,2026-02-25,2026-02-25
WS/MP18116/2025-2026/232156,692379,1,2026-02-26,2026-02-26
WS/MP18116/2025-2026/232158,759683,1,2026-02-03,2026-02-03
WS/MP18116/2025-2026/232160,494588,1,2026-02-03,2026-02-03
WS/MP18116/2025-2026/235496,492714,1,2026-02-14,2026-02-14
WS/MP18116/2025-2026/235500,471677,1,2026-04-09,2026-04-09
WS/MP18116/2025-2026/235747,492000,1,2026-07-07,2026-07-07
WS/MP18116/2025-2026/235750,992529,1,2026-07-07,2026-07-07
WS/MP18116/2025-2026/235800,483483,1,2026-01-29,2026-01-29
WS/MP18116/2025-2026/235814,985926,1,2026-01-29,2026-01-29
WS/MP18116/2025-2026/235815,296645,1,2026-05-20,2026-05-20
WS/MP18116/2025-2026/235820,972190,1,2026-01-29,2026-01-29
WS/MP18116/2025-2026/235824,988136,1,2026-08-25,2026-08-25
WS/MP18116/2025-2026/235830,483483,1,2026-01-29,2026-01-29
WS/MP18116/2025-2026/236537,499752,1,2026-04-07,2026-04-07
WS/MP18116/2025-2026/236540,499976,1,2026-08-07,2026-08-07
WS/MP18116/2025-2026/240280,1000000,1,2026-07-02,2026-07-02
WS/MP18116/2025-2026/240779,396643,1,2026-02-10,2026-02-10
WS/MP18116/2025-2026/240788,491992,1,2026-07-22,2026-07-22
WS/MP18116/2025-2026/240789,474594,1,2026-07-22,2026-07-22
WS/MP18116/2025-2026/240791,488072,1,2026-05-05,2026-05-05
WS/MP18116/2025-2026/240795,488072,1,2026-05-05,2026-05-05
WS/MP18116/2025-2026/241509,984512,1,2026-04-27,2026-04-27
WS/MP18116/2025-2026/248386,1484041,1,2026-08-25,2026-08-25
WS/MP18116/2025-2026/251303,391730,1,2026-05-12,2026-05-12
WS/MP18116/2026-2027/186732,492538,1,2026-04-09,2026-04-09
WS/MP18116/2026-2027/186750,492538,1,2026-04-09,2026-04-09
WS/MP18116/2026-2027/209822,498686,1,2026-07-02,2026-07-02
WS/MP18116/2026-2027/209824,498686,1,2026-07-02,2026-07-02
WS/MP18116/2026-2027/211811,498686,1,2026-07-02,2026-07-02
WS/MP18116/2026-2027/211813,498686,1,2026-07-02,2026-07-02
WS/MP18116/2026-2027/220965,997326,1,2026-06-18,2026-06-18
WS/MP18116/2026-2027/220968,995979,1,2026-06-18,2026-06-18
WS/MP18116/2026-2027/220975,997448,1,2026-07-02,2026-07-02
WS/MP18116/2026-2027/229732,996904,1,2026-07-03,2026-07-03
WS/MP18116/2026-2027/230996,1481986,1,2026-04-09,2026-04-09
WS/MP18116/2026-2027/230997,1481828,1,2026-04-09,2026-04-09
WS/MP18116/2026-2027/232150,2447691,1,2026-08-13,2026-08-13
WS/MP18116/2026-2027/232199,1463967,1,2026-04-09,2026-04-09
WS/MP18116/2026-2027/248969,977041,1,2026-07-31,2026-07-31
WS/MP18117/2024-2025/142021,1000000,1,2024-12-19,2024-12-19
WS/MP18117/2024-2025/142022,1000000,1,2024-12-19,2024-12-19
WS/MP18117/2024-2025/170214,1000000,1,2025-08-14,2025-08-14
WS/MP18117/2025-2026/164364,987710,1,2026-07-01,2026-07-01
WS/MP18117/2025-2026/164385,992586,1,2026-09-03,2026-09-03
WS/MP18117/2025-2026/164393,987617,1,2026-09-07,2026-09-07
WS/MP18117/2025-2026/164512,989166,1,2026-07-08,2026-07-08
WS/MP18117/2025-2026/164520,899164,1,2026-07-09,2026-07-09
WS/MP18117/2025-2026/166250,878646,1,2026-04-24,2026-04-24
WS/MP18117/2025-2026/166251,985048,1,2026-03-06,2026-03-06
WS/MP18117/2025-2026/166253,493028,1,2026-03-06,2026-03-06
WS/MP18117/2025-2026/168713,1000000,1,2025-06-19,2025-06-19
WS/MP18117/2025-2026/168715,1000000,1,2025-06-19,2025-06-19
WS/MP18117/2025-2026/170204,923569,1,2026-02-26,2026-02-26
WS/MP18117/2025-2026/170729,1000000,1,2026-09-01,2026-09-01
WS/MP18117/2025-2026/170768,996000,1,2026-09-01,2026-09-01
WS/MP18117/2026-2027/164338,989456,1,2026-08-07,2026-08-07
WS/MP18117/2026-2027/164340,989456,1,2026-08-07,2026-08-07
WS/MP18118/2025-2026/159252,614451,1,2025-09-30,2025-09-30
WS/MP18118/2025-2026/160490,1000000,2,2025-08-08,2025-11-12
WS/MP18118/2025-2026/160495,1000000,1,2025-09-03,2025-09-03
WS/MP18118/2025-2026/160504,556000,1,2026-04-06,2026-04-06
WS/MP18118/2025-2026/166392,938055,1,2025-11-01,2025-11-01
WS/MP18118/2025-2026/188284,698000,1,2026-01-27,2026-01-27
WS/MP18118/2025-2026/188286,699000,1,2026-01-27,2026-01-27
WS/MP18118/2025-2026/188292,998000,1,2025-12-23,2025-12-23
WS/MP18118/2025-2026/188299,998000,1,2025-11-25,2025-11-25
WS/MP18118/2025-2026/188300,990001,1,2025-12-16,2025-12-16
WS/MP18118/2025-2026/188302,998000,1,2026-07-20,2026-07-20
WS/MP18118/2025-2026/188305,992018,1,2026-07-16,2026-07-16
WS/MP18118/2025-2026/188306,800000,1,2026-03-23,2026-03-23
WS/MP18118/2025-2026/188310,800000,1,2026-02-02,2026-02-02
WS/MP18118/2025-2026/188314,699000,1,2025-12-23,2025-12-23
WS/MP18118/2025-2026/188316,998000,1,2026-07-20,2026-07-20
WS/MP18118/2025-2026/188317,992892,1,2026-08-06,2026-08-06
WS/MP18118/2025-2026/188318,499000,1,2026-02-03,2026-02-03
WS/MP18118/2025-2026/188445,999000,1,2026-01-08,2026-01-08
WS/MP18118/2025-2026/252854,998878,1,2026-07-01,2026-07-01
WS/MP18118/2025-2026/252855,995872,1,2026-02-24,2026-02-24
WS/MP18118/2025-2026/252857,993579,1,2026-03-04,2026-03-04
WS/MP18118/2025-2026/252861,1000000,1,2026-07-01,2026-07-01
WS/MP18118/2025-2026/252862,996836,1,2026-02-24,2026-02-24
WS/MP18118/2025-2026/252879,3000000,1,2026-03-18,2026-03-18
WS/MP18118/2025-2026/252880,991372,1,2026-02-09,2026-02-09
WS/MP18118/2025-2026/252881,1000000,1,2026-02-24,2026-02-24
WS/MP18118/2025-2026/252882,999197,1,2026-03-04,2026-03-04
WS/MP18118/2025-2026/252883,963785,1,2026-04-23,2026-04-23
WS/MP18118/2025-2026/252884,936103,1,2026-03-24,2026-03-24
WS/MP18118/2025-2026/252894,698000,1,2026-07-16,2026-07-16
WS/MP18118/2025-2026/252915,998000,1,2026-08-24,2026-08-24
WS/MP18118/2026-2027/188288,748000,1,2026-07-10,2026-07-10
WS/MP18118/2026-2027/252853,499415,1,2026-07-14,2026-07-14
WS/MP18118/2026-2027/252860,1493673,1,2026-07-07,2026-07-07
WS/MP18118/2026-2027/271607,499500,1,2026-07-24,2026-07-24
WS/MP18119/2025-2026/163395,995416,1,2026-08-18,2026-08-18
WS/MP18119/2025-2026/163398,692973,1,2026-05-13,2026-05-13
WS/MP18119/2025-2026/163399,980238,1,2026-03-18,2026-03-18
WS/MP18119/2025-2026/163401,1176184,1,2026-01-16,2026-01-16
WS/MP18119/2025-2026/163402,978950,1,2026-01-16,2026-01-16
WS/MP18119/2025-2026/163406,495958,1,2026-02-12,2026-02-12
WS/MP18119/2025-2026/163407,991750,1,2026-05-07,2026-05-07
WS/MP18119/2025-2026/163408,1488757,1,2026-03-18,2026-03-18
WS/MP18119/2025-2026/163414,926097,1,2026-08-05,2026-08-05
WS/MP18119/2025-2026/163436,1404544,1,2026-03-24,2026-03-24
WS/MP18119/2025-2026/163439,1394658,1,2026-03-11,2026-03-11
WS/MP18119/2025-2026/163469,599950,1,2026-03-09,2026-03-09
WS/MP18119/2025-2026/163470,795506,1,2026-01-12,2026-01-12
WS/MP18119/2025-2026/163471,799992,1,2026-06-22,2026-06-22
WS/MP18119/2025-2026/163473,298168,1,2026-01-12,2026-01-12
WS/MP18119/2025-2026/163475,796440,1,2026-05-05,2026-05-05
WS/MP18119/2025-2026/163478,697850,1,2026-02-24,2026-02-24
WS/MP18119/2025-2026/163479,499970,1,2026-06-23,2026-06-23
WS/MP18119/2025-2026/163482,698488,1,2026-07-01,2026-07-01
WS/MP18119/2025-2026/163574,992595,1,2026-07-25,2026-07-25
WS/MP18119/2025-2026/163575,992900,1,2026-03-18,2026-03-18
WS/MP18119/2025-2026/163577,299369,1,2026-01-19,2026-01-19
WS/MP18119/2026-2027/163437,1457701,1,2026-06-18,2026-06-18
WS/MP18119/2026-2027/163438,1398856,1,2026-06-18,2026-06-18
WS/MP18119/2026-2027/233653,993369,1,2026-09-08,2026-09-08
WS/MP18119/2026-2027/256532,398445,1,2026-06-29,2026-06-29
WS/MP18119/2026-2027/256533,347698,1,2026-06-29,2026-06-29
WS/MP18120/2025-2026/169206,4994258,1,2025-10-10,2025-10-10
WS/MP18120/2025-2026/169208,4978547,1,2026-02-20,2026-02-20
WS/MP18120/2025-2026/169210,4974167,1,2026-02-20,2026-02-20
WS/MP18120/2025-2026/169263,999444,1,2025-10-15,2025-10-15
WS/MP18120/2025-2026/174626,1485959,1,2026-03-09,2026-03-09
WS/MP18120/2025-2026/174627,1498207,1,2025-10-10,2025-10-10
WS/MP18120/2025-2026/174629,1492857,1,2026-01-19,2026-01-19
WS/MP18120/2025-2026/174636,7938332,1,2026-02-10,2026-02-10
WS/MP18120/2025-2026/174642,996314,1,2025-07-21,2025-07-21
WS/MP18120/2025-2026/180360,1498945,1,2025-09-15,2025-09-15
WS/MP18120/2025-2026/189535,998507,1,2026-03-02,2026-03-02
WS/MP18120/2025-2026/189536,991576,1,2026-02-16,2026-02-16
WS/MP18120/2025-2026/190401,2798862,1,2026-03-23,2026-03-23
WS/MP18120/2025-2026/190402,2834541,2,2026-01-15,2026-03-23
WS/MP18120/2025-2026/190403,992440,1,2025-12-23,2025-12-23
WS/MP18120/2025-2026/192247,994395,1,2025-12-15,2025-12-15
WS/MP18120/2025-2026/193720,495040,1,2026-02-25,2026-02-25
WS/MP18120/2025-2026/193721,495123,1,2026-02-25,2026-02-25
WS/MP18120/2025-2026/194147,661857,2,2026-03-16,2026-07-17
WS/MP18120/2025-2026/198957,495904,1,2026-01-16,2026-01-16
WS/MP18120/2025-2026/198958,495277,1,2026-01-16,2026-01-16
WS/MP18120/2025-2026/198963,495556,1,2026-01-16,2026-01-16
WS/MP18120/2025-2026/213055,986725,1,2026-03-13,2026-03-13
WS/MP18120/2025-2026/213059,994661,1,2026-04-20,2026-04-20
WS/MP18120/2025-2026/225800,240611,2,2025-11-11,2026-02-05
WS/MP18120/2025-2026/225801,240611,2,2025-11-11,2026-02-05
WS/MP18120/2025-2026/225802,240611,2,2025-11-11,2026-02-05
WS/MP18120/2025-2026/225803,240611,2,2025-11-11,2026-02-05
WS/MP18120/2025-2026/225804,240611,2,2025-11-11,2026-02-05
WS/MP18120/2025-2026/225805,240611,2,2025-11-11,2026-02-05
WS/MP18120/2025-2026/225806,240611,2,2025-11-11,2026-02-05
WS/MP18120/2025-2026/225807,240611,2,2025-11-11,2026-02-05
WS/MP18120/2025-2026/225808,240611,2,2025-11-11,2026-02-05
WS/MP18120/2025-2026/225809,240611,2,2025-11-11,2026-02-05
WS/MP18120/2025-2026/225810,240611,2,2025-11-11,2026-02-05
WS/MP18120/2025-2026/225811,240611,2,2025-11-11,2026-02-05
WS/MP18120/2025-2026/225812,240611,2,2025-11-11,2026-02-05
WS/MP18120/2026-2027/169217,699588,1,2026-08-03,2026-08-03
WS/MP18120/2026-2027/169218,999656,1,2026-06-29,2026-06-29
WS/MP18120/2026-2027/169230,1981405,1,2026-07-20,2026-07-20
WS/MP18120/2026-2027/169231,1771411,1,2026-06-29,2026-06-29
WS/MP18120/2026-2027/174640,495989,1,2026-07-13,2026-07-13
WS/MP18120/2026-2027/190399,1487075,1,2026-07-13,2026-07-13
WS/MP18120/2026-2027/192088,998741,1,2026-04-17,2026-04-17
WS/MP18120/2026-2027/192782,299757,1,2026-08-03,2026-08-03
WS/MP18120/2026-2027/192783,699707,1,2026-08-03,2026-08-03
WS/MP18120/2026-2027/194822,986317,1,2026-08-10,2026-08-10
WS/MP18120/2026-2027/214157,995277,1,2026-07-03,2026-07-03
WS/MP18120/2026-2027/214158,995277,1,2026-07-03,2026-07-03
WS/MP18120/2026-2027/218858,2965232,1,2026-08-07,2026-08-07
WS/MP18120/2026-2027/218864,1493124,1,2026-05-15,2026-05-15
WS/MP18120/2026-2027/245366,968574,1,2026-06-19,2026-06-19
WS/MP18120/2026-2027/245367,969475,1,2026-06-19,2026-06-19
WS/MP18121/2024-2025/146636,699511,1,2025-12-04,2025-12-04
WS/MP18121/2024-2025/146649,699000,1,2025-01-29,2025-01-29
WS/MP18121/2024-2025/146654,699551,1,2025-03-18,2025-03-18
WS/MP18121/2024-2025/146671,2945320,1,2025-01-09,2025-01-09
WS/MP18121/2024-2025/146766,1998833,1,2025-03-12,2025-03-12
WS/MP18121/2024-2025/146767,1999472,1,2025-07-23,2025-07-23
WS/MP18121/2024-2025/146782,998933,1,2025-05-19,2025-05-19
WS/MP18121/2024-2025/163148,1499900,1,2026-03-10,2026-03-10
WS/MP18121/2024-2025/163230,2490157,1,2025-11-18,2025-11-18
WS/MP18122/2024-2025/168729,996088,1,2026-02-26,2026-02-26
WS/MP18122/2024-2025/168730,997186,1,2025-11-02,2025-11-02
WS/MP18122/2024-2025/168753,984633,1,2026-04-07,2026-04-07
WS/MP18122/2024-2025/168762,996860,1,2026-05-15,2026-05-15
WS/MP18122/2024-2025/181771,992989,1,2026-01-21,2026-01-21
WS/MP18122/2024-2025/181774,995101,1,2026-01-19,2026-01-19
WS/MP18122/2024-2025/181777,995883,1,2026-01-20,2026-01-20
WS/MP18122/2024-2025/181785,996665,1,2026-06-15,2026-06-15
WS/MP18122/2024-2025/181787,995470,1,2026-04-17,2026-04-17
WS/MP18122/2024-2025/181790,991657,1,2025-12-16,2025-12-16
WS/MP18122/2024-2025/181792,997136,1,2025-12-04,2025-12-04
WS/MP18122/2024-2025/181794,989553,1,2026-03-22,2026-03-22
WS/MP18122/2024-2025/184151,979149,1,2026-01-26,2026-01-26
WS/MP18122/2024-2025/186311,1487715,1,2026-07-02,2026-07-02
WS/MP18122/2024-2025/186322,497013,1,2026-08-10,2026-08-10
WS/MP18122/2025-2026/168731,988035,1,2025-11-10,2025-11-10
WS/MP18122/2025-2026/173902,989809,1,2026-03-26,2026-03-26
WS/MP18122/2025-2026/173903,994942,1,2025-06-19,2025-06-19
WS/MP18122/2025-2026/173942,999205,1,2025-12-20,2025-12-20
WS/MP18122/2025-2026/173944,1492450,1,2025-09-10,2025-09-10
WS/MP18122/2025-2026/173945,999563,1,2026-07-14,2026-07-14
WS/MP18122/2025-2026/173947,1000000,1,2026-01-22,2026-01-22
WS/MP18122/2025-2026/175363,1492500,1,2025-06-16,2025-06-16
WS/MP18122/2025-2026/175364,500000,1,2026-02-13,2026-02-13
WS/MP18122/2025-2026/175365,1000000,1,2026-02-13,2026-02-13
WS/MP18122/2025-2026/175369,1000000,1,2025-12-17,2025-12-17
WS/MP18122/2025-2026/175370,1000000,1,2025-07-01,2025-07-01
WS/MP18122/2025-2026/176399,950247,1,2025-09-10,2025-09-10
WS/MP18122/2025-2026/176795,992819,1,2025-12-29,2025-12-29
WS/MP18122/2025-2026/181765,991254,1,2025-11-11,2025-11-11
WS/MP18122/2025-2026/184089,970505,1,2026-03-24,2026-03-24
WS/MP18122/2025-2026/186337,939770,1,2026-01-18,2026-01-18
WS/MP18122/2025-2026/222581,993760,1,2025-12-12,2025-12-12
WS/MP18122/2025-2026/222582,492469,1,2025-12-12,2025-12-12
WS/MP18122/2025-2026/225414,999000,1,2026-01-04,2026-01-04
WS/MP18122/2025-2026/225415,999000,1,2026-01-04,2026-01-04
WS/MP18122/2025-2026/225427,492485,1,2025-12-12,2025-12-12
WS/MP18122/2026-2027/168812,973654,1,2026-05-20,2026-05-20
WS/MP18122/2026-2027/225832,922260,1,2026-07-07,2026-07-07
WS/MP18122/2026-2027/246015,692232,1,2026-07-03,2026-07-03
WS/MP18122/2026-2027/246058,495234,1,2026-06-24,2026-06-24
WS/MP18123/2025-2026/169714,500000,1,2025-08-08,2025-08-08
WS/MP18123/2025-2026/169715,942064,2,2025-11-20,2025-12-02
WS/MP18123/2025-2026/169723,500000,1,2025-12-15,2025-12-15
WS/MP18123/2025-2026/169737,1000000,1,2025-10-14,2025-10-14
WS/MP18123/2025-2026/186340,999000,1,2026-03-13,2026-03-13
WS/MP18123/2025-2026/186341,749000,1,2026-02-09,2026-02-09
WS/MP18123/2025-2026/186342,995437,1,2026-02-09,2026-02-09
WS/MP18123/2025-2026/186346,597025,1,2026-03-13,2026-03-13
WS/MP18123/2025-2026/190896,1500000,1,2025-10-07,2025-10-07
WS/MP18123/2025-2026/200542,1000000,1,2025-11-06,2025-11-06
WS/MP18123/2025-2026/220022,1500000,1,2026-02-02,2026-02-02
WS/MP18123/2025-2026/224468,999000,1,2026-03-17,2026-03-17
WS/MP18123/2025-2026/226864,1488133,1,2026-02-18,2026-02-18
WS/MP18123/2025-2026/226877,1000000,1,2026-02-09,2026-02-09
WS/MP18123/2025-2026/238167,800000,1,2026-03-11,2026-03-11
WS/MP18123/2025-2026/241950,1497956,1,2026-02-18,2026-02-18
WS/MP18123/2025-2026/255167,999298,1,2026-03-04,2026-03-04
WS/MP18123/2026-2027/186339,999824,1,2026-04-20,2026-04-20
WS/MP18123/2026-2027/207781,1476022,1,2026-08-05,2026-08-05
WS/MP18123/2026-2027/220023,1200000,1,2026-07-03,2026-07-03
WS/MP18123/2026-2027/224466,1000000,1,2026-06-23,2026-06-23
WS/MP18123/2026-2027/224469,999000,1,2026-08-11,2026-08-11
WS/MP18123/2026-2027/224470,1000000,1,2026-06-19,2026-06-19
WS/MP18123/2026-2027/224476,998137,1,2026-09-07,2026-09-07
WS/MP18123/2026-2027/226874,1000000,1,2026-06-23,2026-06-23
WS/MP18123/2026-2027/226878,981834,1,2026-07-10,2026-07-10
WS/MP18123/2026-2027/228593,1000000,1,2026-06-23,2026-06-23
WS/MP18123/2026-2027/228594,1000000,1,2026-04-17,2026-04-17
WS/MP18123/2026-2027/232859,997486,1,2026-07-02,2026-07-02
WS/MP18123/2026-2027/238128,476199,1,2026-04-08,2026-04-08
WS/MP18123/2026-2027/238129,500000,1,2026-04-07,2026-04-07
WS/MP18123/2026-2027/238158,999696,1,2026-06-14,2026-06-14
WS/MP18123/2026-2027/242705,1499618,1,2026-04-17,2026-04-17
WS/MP18123/2026-2027/253333,1500000,1,2026-05-27,2026-05-27
WS/MP18124/2025-2026/161223,2498104,1,2026-02-24,2026-02-24
WS/MP18124/2025-2026/161241,2497109,1,2025-07-10,2025-07-10
WS/MP18124/2025-2026/162301,1498862,1,2025-07-24,2025-07-24
WS/MP18124/2025-2026/162319,1997685,1,2025-07-10,2025-07-10
WS/MP18124/2025-2026/162323,1998083,1,2025-07-10,2025-07-10
WS/MP18124/2025-2026/162328,2496860,1,2025-07-24,2025-07-24
WS/MP18124/2025-2026/162339,1498861,1,2025-12-06,2025-12-06
WS/MP18124/2025-2026/162344,1996492,1,2026-01-23,2026-01-23
WS/MP18124/2025-2026/162349,2497109,1,2025-07-10,2025-07-10
WS/MP18124/2025-2026/162358,1998183,1,2025-07-25,2025-07-25
WS/MP18124/2025-2026/162363,2497854,1,2025-09-25,2025-09-25
WS/MP18124/2025-2026/162368,1498861,1,2025-08-21,2025-08-21
WS/MP18124/2025-2026/162371,2497854,1,2025-07-24,2025-07-24
WS/MP18124/2025-2026/162373,2498101,1,2025-07-11,2025-07-11
WS/MP18124/2025-2026/162376,999240,1,2025-07-24,2025-07-24
WS/MP18124/2025-2026/162401,999240,1,2025-08-21,2025-08-21
WS/MP18124/2025-2026/162402,999240,1,2025-08-21,2025-08-21
WS/MP18124/2025-2026/162403,999240,1,2025-08-21,2025-08-21
WS/MP18124/2025-2026/162416,998245,1,2025-07-25,2025-07-25
WS/MP18124/2025-2026/162417,998245,1,2025-12-12,2025-12-12
WS/MP18124/2025-2026/165749,998245,1,2025-07-25,2025-07-25
WS/MP18124/2025-2026/165767,999240,1,2025-08-21,2025-08-21
WS/MP18124/2025-2026/165771,999240,1,2025-08-21,2025-08-21
WS/MP18124/2025-2026/165777,999240,1,2025-08-21,2025-08-21
WS/MP18124/2025-2026/165779,999240,1,2025-07-10,2025-07-10
WS/MP18124/2025-2026/165781,999240,1,2025-07-10,2025-07-10
WS/MP18124/2025-2026/165785,999240,1,2025-08-21,2025-08-21
WS/MP18124/2025-2026/165786,999241,1,2025-12-11,2025-12-11
WS/MP18124/2025-2026/165789,999140,1,2025-07-14,2025-07-14
WS/MP18124/2025-2026/165816,999140,1,2025-07-14,2025-07-14
WS/MP18124/2025-2026/165820,1998282,1,2025-07-14,2025-07-14
WS/MP18124/2025-2026/225837,1498862,1,2026-08-03,2026-08-03
WS/MP18124/2025-2026/226092,1998282,1,2026-03-20,2026-03-20
WS/MP18124/2025-2026/226093,2497854,1,2026-03-20,2026-03-20
WS/MP18124/2025-2026/226103,1798633,1,2026-08-06,2026-08-06
WS/MP18124/2025-2026/226110,1848596,1,2026-03-20,2026-03-20
WS/MP18124/2025-2026/226116,1898368,1,2026-08-03,2026-08-03
WS/MP18124/2025-2026/226117,1848228,1,2026-02-25,2026-02-25
WS/MP18124/2025-2026/226118,1998480,1,2026-03-25,2026-03-25
WS/MP18124/2025-2026/226119,1998480,1,2026-01-23,2026-01-23
WS/MP18124/2025-2026/226120,2498102,1,2026-04-09,2026-04-09
WS/MP18124/2025-2026/226149,1798633,1,2026-03-25,2026-03-25
WS/MP18124/2025-2026/226150,1498862,1,2026-01-30,2026-01-30
WS/MP18124/2025-2026/226155,1798633,1,2026-03-20,2026-03-20
WS/MP18124/2025-2026/226159,1848595,1,2026-07-01,2026-07-01
WS/MP18124/2025-2026/226161,1748671,1,2026-03-20,2026-03-20
WS/MP18124/2025-2026/226166,1947550,1,2026-07-01,2026-07-01
WS/MP18124/2025-2026/226178,2147297,1,2026-03-23,2026-03-23
WS/MP18124/2025-2026/226179,2298024,1,2026-03-20,2026-03-20
WS/MP18124/2025-2026/226181,2447164,1,2026-03-23,2026-03-23
WS/MP18124/2025-2026/226184,2897509,1,2026-03-20,2026-03-20
WS/MP18124/2025-2026/226193,1998481,1,2026-03-20,2026-03-20
WS/MP18124/2025-2026/226195,1498115,1,2026-03-20,2026-03-20
WS/MP18124/2025-2026/226197,799392,1,2026-03-20,2026-03-20
WS/MP18126/2025-2026/236142,169529,1,2026-07-15,2026-07-15
WS/MP18126/2025-2026/236143,169529,1,2026-07-15,2026-07-15
WS/MP18126/2025-2026/236144,169529,1,2026-07-15,2026-07-15
WS/MP18126/2025-2026/236145,169529,1,2026-07-15,2026-07-15
WS/MP18126/2025-2026/236146,169529,1,2026-07-15,2026-07-15
WS/MP18126/2025-2026/236148,169529,1,2026-07-15,2026-07-15
WS/MP18126/2025-2026/236149,169529,1,2026-07-15,2026-07-15
WS/MP18126/2025-2026/236150,169529,1,2026-07-15,2026-07-15
WS/MP18126/2025-2026/236151,169529,1,2026-07-15,2026-07-15
WS/MP18126/2025-2026/236155,169529,1,2026-07-16,2026-07-16
WS/MP18126/2025-2026/236156,169529,1,2026-07-16,2026-07-16
WS/MP18126/2025-2026/236157,169529,1,2026-07-16,2026-07-16
WS/MP18126/2025-2026/236158,169529,1,2026-07-16,2026-07-16
WS/MP18126/2025-2026/236159,169529,1,2026-07-16,2026-07-16
WS/MP18126/2025-2026/236160,169529,1,2026-07-16,2026-07-16
WS/MP18126/2025-2026/236161,169529,1,2026-07-16,2026-07-16
WS/MP18126/2025-2026/236162,169529,1,2026-07-16,2026-07-16
WS/MP18126/2025-2026/236163,169529,1,2026-07-16,2026-07-16
WS/MP18126/2025-2026/236164,169529,1,2026-07-16,2026-07-16
WS/MP18126/2025-2026/236165,169529,1,2026-07-16,2026-07-16
WS/MP18126/2025-2026/236166,169529,1,2026-07-16,2026-07-16
WS/MP18126/2025-2026/236167,169529,1,2026-07-16,2026-07-16
WS/MP18126/2025-2026/236168,169529,1,2026-07-16,2026-07-16
WS/MP18126/2025-2026/236169,169529,1,2026-07-16,2026-07-16
WS/MP18126/2025-2026/236170,169529,1,2026-07-16,2026-07-16
WS/MP18126/2025-2026/236171,169529,1,2026-07-16,2026-07-16
WS/MP18126/2025-2026/236172,169529,1,2026-07-16,2026-07-16
WS/MP18126/2025-2026/236173,169529,1,2026-07-16,2026-07-16
WS/MP18126/2025-2026/236174,169529,1,2026-07-16,2026-07-16
WS/MP18126/2025-2026/236184,169529,1,2026-07-20,2026-07-20
WS/MP18126/2025-2026/236185,169529,1,2026-07-20,2026-07-20
WS/MP18126/2025-2026/236186,169529,1,2026-07-20,2026-07-20
WS/MP18126/2025-2026/236187,169529,1,2026-07-20,2026-07-20
WS/MP18126/2025-2026/236188,169529,1,2026-07-20,2026-07-20
WS/MP18126/2025-2026/236189,169529,1,2026-07-20,2026-07-20
WS/MP18126/2025-2026/236190,169529,1,2026-07-20,2026-07-20
WS/MP18126/2025-2026/236191,169529,1,2026-07-20,2026-07-20
WS/MP18126/2025-2026/236192,169529,1,2026-07-20,2026-07-20
WS/MP18126/2025-2026/236193,169529,1,2026-07-20,2026-07-20
WS/MP18126/2025-2026/236194,169529,1,2026-07-20,2026-07-20
WS/MP18126/2025-2026/236195,169529,1,2026-07-20,2026-07-20
WS/MP18126/2025-2026/236196,169529,1,2026-07-20,2026-07-20
WS/MP18126/2025-2026/236197,169529,1,2026-07-20,2026-07-20
WS/MP18126/2025-2026/236198,169529,1,2026-07-20,2026-07-20
WS/MP18126/2025-2026/236199,169529,1,2026-07-20,2026-07-20
WS/MP18126/2025-2026/236200,169529,1,2026-07-20,2026-07-20
WS/MP18126/2025-2026/236201,169529,1,2026-07-20,2026-07-20
WS/MP18126/2025-2026/236202,169529,1,2026-07-20,2026-07-20
WS/MP18126/2025-2026/236203,169529,1,2026-07-20,2026-07-20
WS/MP18126/2025-2026/236204,169529,1,2026-07-20,2026-07-20
WS/MP18126/2025-2026/236205,169529,1,2026-07-20,2026-07-20
WS/MP18126/2025-2026/236206,169529,1,2026-07-20,2026-07-20
WS/MP18126/2025-2026/236207,169529,1,2026-07-20,2026-07-20
WS/MP18126/2025-2026/236208,169529,1,2026-07-20,2026-07-20
WS/MP18126/2025-2026/236209,169529,1,2026-07-20,2026-07-20
WS/MP18126/2025-2026/236210,169529,1,2026-07-20,2026-07-20
WS/MP18126/2025-2026/236211,169529,1,2026-07-20,2026-07-20
WS/MP18126/2025-2026/236212,169529,1,2026-07-20,2026-07-20
WS/MP18126/2025-2026/236213,169529,1,2026-07-20,2026-07-20
WS/MP18126/2025-2026/236214,169529,1,2026-07-20,2026-07-20
WS/MP18126/2025-2026/236215,169529,1,2026-07-20,2026-07-20
WS/MP18126/2025-2026/236216,169529,1,2026-07-20,2026-07-20
WS/MP18126/2025-2026/236217,169529,1,2026-07-20,2026-07-20
WS/MP18126/2025-2026/236218,169529,1,2026-07-20,2026-07-20
WS/MP18126/2025-2026/236219,169529,1,2026-07-20,2026-07-20
WS/MP18126/2025-2026/236220,169529,1,2026-07-20,2026-07-20
WS/MP18126/2025-2026/236243,169530,1,2026-07-30,2026-07-30
WS/MP18126/2025-2026/236244,169530,1,2026-07-30,2026-07-30
WS/MP18126/2025-2026/236245,169530,1,2026-08-04,2026-08-04
WS/MP18126/2025-2026/236246,169530,1,2026-07-30,2026-07-30
WS/MP18126/2025-2026/236247,169530,1,2026-07-30,2026-07-30
WS/MP18126/2025-2026/236248,169530,1,2026-07-30,2026-07-30
WS/MP18126/2025-2026/236249,169530,1,2026-07-30,2026-07-30
WS/MP18126/2025-2026/236250,169530,1,2026-07-30,2026-07-30
WS/MP18126/2025-2026/236251,169530,1,2026-07-30,2026-07-30
WS/MP18126/2025-2026/236252,169530,1,2026-07-30,2026-07-30
WS/MP18126/2025-2026/236253,169530,1,2026-07-30,2026-07-30
WS/MP18126/2025-2026/236254,169530,1,2026-07-30,2026-07-30
WS/MP18126/2025-2026/236255,169530,1,2026-07-30,2026-07-30
WS/MP18126/2025-2026/236256,169530,1,2026-07-30,2026-07-30
WS/MP18126/2025-2026/236257,169530,1,2026-07-30,2026-07-30
WS/MP18126/2025-2026/236258,169530,1,2026-07-30,2026-07-30
WS/MP18126/2025-2026/236259,169530,1,2026-07-30,2026-07-30
WS/MP18126/2025-2026/236260,169530,1,2026-07-30,2026-07-30
WS/MP18126/2025-2026/236261,169530,1,2026-07-30,2026-07-30
WS/MP18126/2025-2026/236262,169530,1,2026-07-30,2026-07-30
WS/MP18126/2025-2026/236263,169530,1,2026-07-30,2026-07-30
WS/MP18126/2025-2026/236264,169530,1,2026-07-30,2026-07-30
WS/MP18126/2025-2026/236265,169530,1,2026-07-30,2026-07-30
WS/MP18126/2025-2026/236266,169530,1,2026-07-30,2026-07-30
WS/MP18126/2025-2026/236267,169530,1,2026-07-30,2026-07-30
WS/MP18126/2025-2026/236268,169530,1,2026-07-30,2026-07-30
WS/MP18126/2025-2026/236269,169530,1,2026-07-30,2026-07-30
WS/MP18126/2025-2026/236270,169530,1,2026-07-30,2026-07-30
WS/MP18126/2025-2026/236271,169530,1,2026-08-04,2026-08-04
WS/MP18126/2025-2026/236272,169530,1,2026-07-30,2026-07-30
WS/MP18126/2025-2026/236273,169530,1,2026-07-30,2026-07-30
WS/MP18126/2025-2026/236274,169530,1,2026-07-30,2026-07-30
WS/MP18126/2025-2026/236275,169530,1,2026-07-30,2026-07-30
WS/MP18126/2025-2026/236276,169530,1,2026-07-30,2026-07-30
WS/MP18126/2025-2026/236277,169530,1,2026-08-04,2026-08-04
WS/MP18126/2025-2026/236278,169530,1,2026-07-30,2026-07-30
WS/MP18126/2025-2026/236279,169530,1,2026-07-30,2026-07-30
WS/MP18126/2025-2026/236280,169530,1,2026-07-30,2026-07-30
WS/MP18126/2025-2026/236281,169530,1,2026-07-30,2026-07-30
WS/MP18126/2025-2026/236282,169530,1,2026-07-30,2026-07-30
WS/MP18126/2025-2026/236283,169530,1,2026-07-30,2026-07-30
WS/MP18126/2025-2026/236284,169530,1,2026-07-30,2026-07-30
WS/MP18126/2025-2026/236285,169530,1,2026-08-04,2026-08-04
WS/MP18126/2025-2026/236286,169530,1,2026-08-05,2026-08-05
WS/MP18126/2025-2026/236292,169530,1,2026-07-30,2026-07-30
WS/MP18126/2025-2026/236293,169530,1,2026-07-30,2026-07-30
WS/MP18126/2025-2026/236294,169530,1,2026-07-30,2026-07-30
WS/MP18126/2025-2026/236295,169530,1,2026-07-30,2026-07-30
WS/MP18126/2025-2026/236296,169530,1,2026-07-30,2026-07-30
WS/MP18126/2025-2026/236297,169530,1,2026-07-30,2026-07-30
WS/MP18126/2025-2026/236298,169530,1,2026-07-30,2026-07-30
WS/MP18126/2025-2026/236299,169530,1,2026-07-30,2026-07-30
WS/MP18126/2025-2026/236300,169530,1,2026-07-30,2026-07-30
WS/MP18126/2025-2026/236301,169530,1,2026-07-30,2026-07-30
WS/MP18126/2025-2026/236302,169530,1,2026-07-30,2026-07-30
WS/MP18126/2025-2026/236303,169530,1,2026-07-30,2026-07-30
WS/MP18126/2025-2026/236304,169530,1,2026-07-30,2026-07-30
WS/MP18126/2025-2026/236305,169530,1,2026-07-30,2026-07-30
WS/MP18126/2025-2026/236306,169530,1,2026-08-05,2026-08-05
WS/MP18126/2025-2026/236307,169530,1,2026-07-30,2026-07-30
WS/MP18126/2025-2026/236308,169530,1,2026-07-30,2026-07-30
WS/MP18126/2025-2026/236309,169530,1,2026-07-30,2026-07-30
WS/MP18126/2025-2026/236310,169530,1,2026-07-30,2026-07-30
WS/MP18126/2025-2026/236311,169530,1,2026-07-30,2026-07-30
WS/MP18126/2025-2026/236312,169530,1,2026-07-30,2026-07-30
WS/MP18126/2025-2026/236313,169530,1,2026-07-30,2026-07-30
WS/MP18126/2025-2026/236314,169530,1,2026-07-30,2026-07-30
WS/MP18126/2025-2026/236315,169530,1,2026-07-30,2026-07-30
WS/MP18126/2025-2026/236316,169530,1,2026-07-30,2026-07-30
WS/MP18126/2025-2026/236317,169530,1,2026-07-30,2026-07-30
WS/MP18126/2025-2026/236318,169530,1,2026-07-30,2026-07-30
WS/MP18126/2025-2026/236319,169530,1,2026-07-30,2026-07-30
WS/MP18126/2025-2026/236320,169530,1,2026-07-30,2026-07-30
WS/MP18126/2025-2026/236321,169530,1,2026-07-30,2026-07-30
WS/MP18126/2025-2026/236325,169530,1,2026-07-30,2026-07-30
WS/MP18126/2025-2026/236326,169529,1,2026-07-15,2026-07-15
WS/MP18126/2025-2026/236327,169529,1,2026-07-15,2026-07-15
WS/MP18126/2025-2026/236328,169529,1,2026-07-15,2026-07-15
WS/MP18126/2025-2026/236329,169529,1,2026-07-15,2026-07-15
WS/MP18126/2025-2026/236330,169529,1,2026-07-15,2026-07-15
WS/MP18126/2025-2026/236331,169529,1,2026-07-15,2026-07-15
WS/MP18126/2025-2026/236332,169529,1,2026-07-15,2026-07-15
WS/MP18126/2025-2026/256590,169529,1,2026-07-15,2026-07-15
WS/MP18126/2025-2026/256630,169529,1,2026-08-03,2026-08-03
WS/MP18126/2025-2026/256631,169529,1,2026-07-15,2026-07-15
WS/MP18126/2025-2026/256632,169529,1,2026-07-15,2026-07-15
WS/MP18126/2025-2026/256633,169529,1,2026-07-15,2026-07-15
WS/MP18126/2025-2026/256634,169529,1,2026-07-15,2026-07-15
WS/MP18126/2025-2026/256635,169529,1,2026-07-15,2026-07-15
WS/MP18126/2025-2026/256636,169529,1,2026-07-15,2026-07-15
WS/MP18126/2025-2026/256637,169529,1,2026-07-15,2026-07-15
WS/MP18126/2025-2026/256638,169529,1,2026-07-15,2026-07-15
WS/MP18126/2025-2026/256639,169529,1,2026-07-15,2026-07-15
WS/MP18126/2025-2026/256640,169529,1,2026-07-15,2026-07-15
WS/MP18126/2025-2026/256641,169529,1,2026-07-15,2026-07-15
WS/MP18126/2025-2026/256642,169529,1,2026-07-15,2026-07-15
WS/MP18126/2025-2026/256643,169529,1,2026-07-15,2026-07-15
WS/MP18126/2025-2026/256644,169529,1,2026-07-15,2026-07-15
WS/MP18126/2025-2026/256645,169529,1,2026-07-15,2026-07-15
WS/MP18126/2025-2026/256646,169529,1,2026-07-15,2026-07-15
WS/MP18126/2025-2026/256647,169529,1,2026-07-15,2026-07-15
WS/MP18126/2025-2026/256648,169529,1,2026-07-15,2026-07-15
WS/MP18126/2025-2026/256649,169529,1,2026-07-15,2026-07-15
WS/MP18126/2025-2026/256650,169529,1,2026-07-15,2026-07-15
WS/MP18126/2025-2026/256651,169529,1,2026-07-15,2026-07-15
WS/MP18126/2025-2026/256652,169529,1,2026-07-15,2026-07-15
WS/MP18126/2025-2026/256653,169529,1,2026-07-15,2026-07-15
WS/MP18126/2025-2026/256654,169529,1,2026-07-15,2026-07-15
WS/MP18126/2025-2026/256655,169529,1,2026-07-15,2026-07-15
WS/MP18126/2025-2026/256656,169529,1,2026-07-15,2026-07-15
WS/MP18126/2025-2026/266929,169530,1,2026-07-30,2026-07-30
WS/MP18126/2025-2026/266930,169530,1,2026-07-30,2026-07-30
WS/MP18126/2025-2026/266931,169530,1,2026-07-30,2026-07-30
WS/MP18126/2025-2026/266932,169530,1,2026-07-30,2026-07-30
WS/MP18126/2025-2026/266933,169530,1,2026-07-30,2026-07-30
WS/MP18126/2025-2026/266934,169530,1,2026-07-30,2026-07-30
WS/MP18126/2025-2026/266935,169530,1,2026-07-30,2026-07-30
WS/MP18126/2025-2026/266936,169530,1,2026-07-30,2026-07-30
WS/MP18126/2025-2026/266937,169530,1,2026-07-30,2026-07-30
WS/MP18126/2025-2026/266938,169530,1,2026-07-30,2026-07-30
WS/MP18126/2026-2027/236147,169529,1,2026-07-15,2026-07-15
WS/MP18126/2026-2027/256589,169529,1,2026-07-15,2026-07-15
WS/MP18126/2026-2027/256591,169529,1,2026-07-15,2026-07-15
WS/MP18127/2025-2026/188369,989500,1,2025-12-05,2025-12-05
WS/MP18127/2025-2026/188371,989000,1,2026-07-15,2026-07-15
WS/MP18127/2025-2026/188372,745000,1,2026-03-07,2026-03-07
WS/MP18127/2025-2026/188373,988000,1,2026-01-21,2026-01-21
WS/MP18127/2025-2026/188375,999500,1,2025-11-10,2025-11-10
WS/MP18127/2025-2026/188376,1499500,1,2026-07-02,2026-07-02
WS/MP18127/2025-2026/188377,990000,1,2025-12-04,2025-12-04
WS/MP18127/2025-2026/188378,692500,1,2025-08-13,2025-08-13
WS/MP18127/2025-2026/188380,995092,1,2025-10-10,2025-10-10
WS/MP18127/2025-2026/188382,799000,1,2025-12-16,2025-12-16
WS/MP18127/2025-2026/188385,988000,1,2025-11-19,2025-11-19
WS/MP18127/2025-2026/188388,988000,1,2026-08-21,2026-08-21
WS/MP18127/2025-2026/188389,989000,1,2025-11-04,2025-11-04
WS/MP18127/2025-2026/188390,989000,1,2025-11-04,2025-11-04
WS/MP18127/2025-2026/188393,991830,1,2025-12-15,2025-12-15
WS/MP18127/2025-2026/188394,986000,1,2026-07-15,2026-07-15
WS/MP18127/2025-2026/188398,986993,1,2026-01-21,2026-01-21
WS/MP18127/2025-2026/188399,979000,1,2026-04-11,2026-04-11
WS/MP18127/2025-2026/188400,751178,1,2026-01-27,2026-01-27
WS/MP18127/2025-2026/188401,748000,1,2025-08-14,2025-08-14
WS/MP18127/2025-2026/188405,985764,1,2026-01-20,2026-01-20
WS/MP18127/2025-2026/188407,500000,1,2025-10-29,2025-10-29
WS/MP18127/2025-2026/253702,997000,1,2026-07-10,2026-07-10
WS/MP18127/2025-2026/253703,987268,1,2026-09-03,2026-09-03
WS/MP18127/2025-2026/253704,986737,1,2026-09-03,2026-09-03
WS/MP18127/2025-2026/253707,948000,1,2026-08-24,2026-08-24
WS/MP18127/2025-2026/253709,987742,1,2026-08-21,2026-08-21
WS/MP18127/2025-2026/253710,988000,1,2026-08-20,2026-08-20
WS/MP18127/2025-2026/253711,978000,1,2026-07-16,2026-07-16
WS/MP18127/2025-2026/253712,898000,1,2026-07-06,2026-07-06
WS/MP18127/2026-2027/188391,1426075,1,2026-05-14,2026-05-14
WS/MP18127/2026-2027/188392,2788673,1,2026-05-11,2026-05-11
WS/MP18127/2026-2027/188406,995650,1,2026-07-06,2026-07-06
WS/MP18127/2026-2027/253685,499900,1,2026-07-07,2026-07-07
WS/MP18127/2026-2027/253686,499900,1,2026-07-07,2026-07-07
WS/MP18127/2026-2027/253687,499650,1,2026-07-07,2026-07-07
WS/MP18127/2026-2027/253688,988889,1,2026-07-07,2026-07-07
WS/MP18127/2026-2027/253689,499900,1,2026-07-07,2026-07-07
WS/MP18127/2026-2027/253690,499900,1,2026-07-07,2026-07-07
WS/MP18127/2026-2027/253691,499900,1,2026-07-07,2026-07-07
WS/MP18127/2026-2027/253698,989500,1,2026-04-09,2026-04-09
WS/MP18127/2026-2027/253700,1489900,1,2026-06-30,2026-06-30
WS/MP18127/2026-2027/253706,989000,1,2026-09-01,2026-09-01
WS/MP18127/2026-2027/253708,989000,1,2026-08-06,2026-08-06
WS/MP18127/2026-2027/274225,989844,1,2026-07-04,2026-07-04
WS/MP18127/2026-2027/274226,986000,1,2026-08-21,2026-08-21
WS/MP18127/2026-2027/274228,999000,1,2026-08-27,2026-08-27
WS/MP18127/2026-2027/274229,699852,1,2026-08-27,2026-08-27
WS/MP18127/2026-2027/274231,949600,1,2026-06-30,2026-06-30
WS/MP18127/2026-2027/274232,949900,1,2026-06-30,2026-06-30
WS/MP18127/2026-2027/274233,941382,1,2026-07-02,2026-07-02
WS/MP18127/2026-2027/274234,949700,1,2026-07-02,2026-07-02
WS/MP18128/2026-2027/211848,928874,1,2026-07-02,2026-07-02
WS/MP18128/2026-2027/214175,988204,1,2026-08-13,2026-08-13
WS/MP18128/2026-2027/217789,994243,1,2026-08-17,2026-08-17
WS/MP18128/2026-2027/217790,992376,1,2026-09-07,2026-09-07
WS/MP18128/2026-2027/217799,991449,1,2026-04-09,2026-04-09
WS/MP18128/2026-2027/217811,992591,1,2026-09-01,2026-09-01
WS/MP18128/2026-2027/217820,992657,1,2026-09-01,2026-09-01
WS/MP18128/2026-2027/217863,892176,1,2026-09-01,2026-09-01
WS/MP18128/2026-2027/217864,981824,1,2026-09-01,2026-09-01
WS/MP18128/2026-2027/220027,987716,1,2026-06-25,2026-06-25
WS/MP18128/2026-2027/231485,483185,1,2026-06-19,2026-06-19
WS/MP18128/2026-2027/231487,496216,1,2026-06-22,2026-06-22
WS/MP18128/2026-2027/231489,494553,1,2026-06-19,2026-06-19
WS/MP18128/2026-2027/235609,993381,1,2026-07-15,2026-07-15
WS/MP18128/2026-2027/238452,631070,1,2026-05-20,2026-05-20
WS/MP18128/2026-2027/238454,427061,1,2026-05-20,2026-05-20
WS/MP18129/2025-2026/186051,999962,1,2025-08-01,2025-08-01
WS/MP18129/2025-2026/186052,999965,1,2025-08-01,2025-08-01
WS/MP18129/2025-2026/186058,999337,1,2025-08-01,2025-08-01
WS/MP18129/2025-2026/186060,999812,1,2025-08-01,2025-08-01
WS/MP18129/2025-2026/186061,999199,1,2025-10-09,2025-10-09
WS/MP18129/2025-2026/186062,999860,1,2025-10-09,2025-10-09
WS/MP18129/2025-2026/186064,999203,1,2025-12-08,2025-12-08
WS/MP18129/2025-2026/186068,999992,1,2025-10-09,2025-10-09
WS/MP18129/2025-2026/186530,999995,1,2025-08-01,2025-08-01
WS/MP18129/2025-2026/186531,999985,1,2025-08-01,2025-08-01
WS/MP18129/2025-2026/186532,999999,1,2025-08-01,2025-08-01
WS/MP18129/2025-2026/186533,999348,1,2025-12-17,2025-12-17
WS/MP18129/2026-2027/185933,999886,1,2026-07-23,2026-07-23
WS/MP18129/2026-2027/186077,971492,1,2026-07-23,2026-07-23
WS/MP18129/2026-2027/186078,990015,1,2026-07-23,2026-07-23
WS/MP18129/2026-2027/186079,997276,1,2026-07-23,2026-07-23
WS/MP18129/2026-2027/186080,996555,1,2026-07-23,2026-07-23
WS/MP18129/2026-2027/186082,998925,1,2026-07-23,2026-07-23
WS/MP18129/2026-2027/186084,994675,1,2026-07-23,2026-07-23
WS/MP18130/2025-2026/253453,981253,1,2025-12-23,2025-12-23
WS/MP18130/2026-2027/216598,993385,1,2026-07-08,2026-07-08
WS/MP18130/2026-2027/231014,494872,1,2026-07-17,2026-07-17
WS/MP18130/2026-2027/247462,986717,1,2026-07-08,2026-07-08
WS/MP18130/2026-2027/247469,1188142,1,2026-07-08,2026-07-08
WS/MP18130/2026-2027/280871,496717,1,2026-05-19,2026-05-19
WS/MP18131/2025-2026/186418,990030,2,2025-08-21,2026-07-31
WS/MP18131/2025-2026/188623,999000,1,2025-07-21,2025-07-21
WS/MP18131/2025-2026/188624,600000,1,2026-01-29,2026-01-29
WS/MP18131/2025-2026/188625,766000,1,2026-01-29,2026-01-29
WS/MP18131/2025-2026/188626,692000,1,2026-01-29,2026-01-29
WS/MP18131/2025-2026/188628,999798,1,2026-04-09,2026-04-09
WS/MP18131/2025-2026/188629,474974,1,2026-03-24,2026-03-24
WS/MP18131/2025-2026/188630,496905,1,2026-03-24,2026-03-24
WS/MP18131/2025-2026/188631,999563,2,2026-04-16,2026-07-24
WS/MP18131/2025-2026/191833,999686,1,2026-08-10,2026-08-10
WS/MP18131/2025-2026/193711,499868,2,2026-02-18,2026-04-08
WS/MP18131/2025-2026/200889,999000,1,2026-02-18,2026-02-18
WS/MP18131/2025-2026/200890,999000,1,2026-08-24,2026-08-24
WS/MP18131/2025-2026/200905,1494025,2,2026-02-23,2026-08-21
WS/MP18131/2025-2026/200907,250000,1,2026-08-06,2026-08-06
WS/MP18131/2025-2026/206353,500000,1,2026-03-24,2026-03-24
WS/MP18131/2025-2026/206354,750000,1,2026-06-18,2026-06-18
WS/MP18131/2025-2026/206355,500000,1,2026-08-06,2026-08-06
WS/MP18131/2025-2026/206356,75000,1,2026-04-13,2026-04-13
WS/MP18131/2025-2026/206357,500000,1,2026-04-25,2026-04-25
WS/MP18131/2025-2026/206358,1000000,1,2026-06-23,2026-06-23
WS/MP18131/2025-2026/206359,500000,1,2026-07-02,2026-07-02
WS/MP18131/2025-2026/206360,500000,1,2026-04-25,2026-04-25
WS/MP18131/2025-2026/206361,500000,1,2026-05-04,2026-05-04
WS/MP18131/2025-2026/206363,500000,1,2026-07-02,2026-07-02
WS/MP18131/2025-2026/206367,150000,1,2026-05-04,2026-05-04
WS/MP18131/2025-2026/245063,999000,1,2026-03-20,2026-03-20
WS/MP18131/2025-2026/248909,500000,1,2026-07-23,2026-07-23
WS/MP18131/2025-2026/253008,488647,2,2026-05-19,2026-08-20
WS/MP18131/2025-2026/255343,499000,1,2026-04-08,2026-04-08
WS/MP18131/2026-2027/188627,496905,1,2026-09-04,2026-09-04
WS/MP18131/2026-2027/188632,973750,1,2026-05-19,2026-05-19
WS/MP18131/2026-2027/200906,500000,1,2026-07-13,2026-07-13
WS/MP18131/2026-2027/255345,499000,1,2026-04-08,2026-04-08
WS/MP18131/2026-2027/273604,799728,1,2026-07-29,2026-07-29
WS/MP18131/2026-2027/276000,500000,1,2026-09-07,2026-09-07
WS/MP18132/2025-2026/174561,992771,1,2026-07-14,2026-07-14
WS/MP18132/2025-2026/174562,1000000,1,2026-07-14,2026-07-14
WS/MP18132/2025-2026/174564,988619,1,2026-07-14,2026-07-14
WS/MP18132/2025-2026/174565,1000000,1,2026-03-23,2026-03-23
WS/MP18132/2025-2026/174566,873909,1,2026-08-10,2026-08-10
WS/MP18132/2025-2026/174567,995413,1,2026-03-24,2026-03-24
WS/MP18132/2025-2026/174568,1000000,1,2026-03-24,2026-03-24
WS/MP18132/2025-2026/174569,1000000,1,2026-03-24,2026-03-24
WS/MP18132/2025-2026/174575,1000000,1,2026-03-20,2026-03-20
WS/MP18132/2025-2026/174578,987448,1,2025-09-03,2025-09-03
WS/MP18132/2025-2026/174580,1000000,1,2026-07-15,2026-07-15
WS/MP18132/2025-2026/174581,997373,1,2026-01-05,2026-01-05
WS/MP18132/2025-2026/177745,999000,1,2026-09-01,2026-09-01
WS/MP18132/2025-2026/179004,795187,1,2026-09-02,2026-09-02
WS/MP18132/2025-2026/179015,1000000,1,2026-03-27,2026-03-27
WS/MP18132/2025-2026/179018,993126,1,2026-03-27,2026-03-27
WS/MP18132/2025-2026/189855,991237,1,2026-01-08,2026-01-08
WS/MP18132/2025-2026/189856,1000000,1,2026-04-07,2026-04-07
WS/MP18132/2025-2026/205459,999994,1,2026-08-06,2026-08-06
WS/MP18132/2025-2026/226543,1000000,1,2026-07-14,2026-07-14
WS/MP18132/2025-2026/226553,1000000,1,2026-07-30,2026-07-30
WS/MP18132/2025-2026/226566,1000000,1,2026-07-14,2026-07-14
WS/MP18133/2024-2025/148464,1000000,1,2025-07-22,2025-07-22
WS/MP18133/2025-2026/148453,1000000,1,2026-07-30,2026-07-30
WS/MP18133/2025-2026/148457,1000000,1,2026-08-11,2026-08-11
WS/MP18133/2025-2026/148475,750000,1,2026-03-22,2026-03-22
WS/MP18133/2025-2026/148477,693280,1,2026-08-16,2026-08-16
WS/MP18133/2025-2026/148480,694830,1,2026-08-11,2026-08-11
WS/MP18133/2025-2026/148507,1489610,1,2026-03-16,2026-03-16
WS/MP18133/2025-2026/148512,995310,1,2026-06-29,2026-06-29
WS/MP18133/2025-2026/148515,498180,1,2026-04-27,2026-04-27
WS/MP18133/2025-2026/148516,497580,1,2026-03-06,2026-03-06
WS/MP18133/2025-2026/148559,664282,1,2026-02-16,2026-02-16
WS/MP18133/2025-2026/148560,999677,1,2025-12-16,2025-12-16
WS/MP18133/2025-2026/148562,999000,1,2026-01-15,2026-01-15
WS/MP18133/2025-2026/148564,500000,1,2026-03-06,2026-03-06
WS/MP18133/2025-2026/148566,1000000,1,2026-06-29,2026-06-29
WS/MP18133/2025-2026/148567,948550,1,2026-03-18,2026-03-18
WS/MP18133/2025-2026/148571,500000,1,2026-03-12,2026-03-12
WS/MP18133/2025-2026/148572,493290,1,2026-08-13,2026-08-13
WS/MP18133/2025-2026/148915,498370,1,2026-05-06,2026-05-06
WS/MP18133/2025-2026/164655,413190,1,2026-08-25,2026-08-25
WS/MP18133/2025-2026/253823,499480,1,2026-09-04,2026-09-04
WS/MP18133/2025-2026/253828,497769,1,2026-09-03,2026-09-03
WS/MP18133/2025-2026/254602,500000,1,2026-08-06,2026-08-06
WS/MP18134/2025-2026/175361,198500,1,2025-09-27,2025-09-27
WS/MP18134/2025-2026/177373,1499440,1,2025-09-30,2025-09-30
WS/MP18134/2025-2026/177379,793850,1,2026-03-10,2026-03-10
WS/MP18134/2025-2026/178488,993759,1,2026-01-29,2026-01-29
WS/MP18134/2025-2026/178853,489626,1,2026-06-17,2026-06-17
WS/MP18134/2025-2026/178855,494686,1,2026-06-17,2026-06-17
WS/MP18134/2025-2026/179141,695177,1,2026-06-26,2026-06-26
WS/MP18134/2025-2026/179433,496027,1,2026-07-29,2026-07-29
WS/MP18134/2025-2026/180596,488636,1,2026-06-17,2026-06-17
WS/MP18134/2025-2026/181927,423406,1,2026-07-31,2026-07-31
WS/MP18134/2025-2026/181929,413099,1,2026-08-04,2026-08-04
WS/MP18134/2025-2026/182075,494236,1,2026-09-03,2026-09-03
WS/MP18134/2025-2026/182697,593193,1,2026-08-03,2026-08-03
WS/MP18134/2025-2026/183099,696134,1,2026-07-21,2026-07-21
WS/MP18134/2025-2026/183654,686339,1,2026-05-15,2026-05-15
WS/MP18134/2025-2026/184183,490467,1,2026-03-04,2026-03-04
WS/MP18134/2025-2026/184242,492854,1,2026-06-17,2026-06-17
WS/MP18134/2025-2026/184248,693684,1,2026-06-18,2026-06-18
WS/MP18134/2025-2026/184304,495321,1,2026-05-11,2026-05-11
WS/MP18134/2025-2026/185004,493994,1,2026-06-17,2026-06-17
WS/MP18134/2025-2026/185069,499060,1,2026-06-26,2026-06-26
WS/MP18134/2025-2026/185101,488701,1,2026-05-11,2026-05-11
WS/MP18134/2025-2026/185446,493593,1,2026-06-17,2026-06-17
WS/MP18134/2025-2026/185488,492457,1,2026-06-20,2026-06-20
WS/MP18134/2025-2026/186606,673946,1,2026-08-17,2026-08-17
WS/MP18134/2025-2026/187742,499215,1,2026-06-30,2026-06-30
WS/MP18134/2025-2026/188588,471833,1,2026-06-15,2026-06-15
WS/MP18134/2025-2026/208873,986613,1,2026-03-17,2026-03-17
WS/MP18134/2025-2026/245261,693321,1,2026-06-15,2026-06-15
WS/MP18134/2025-2026/246039,497764,1,2026-03-24,2026-03-24
WS/MP18134/2025-2026/247447,999560,1,2026-06-12,2026-06-12
WS/MP18134/2026-2027/181726,496201,1,2026-06-30,2026-06-30
WS/MP18134/2026-2027/237134,499992,1,2026-06-20,2026-06-20
WS/MP18136/2025-2026/165205,530688,1,2026-06-25,2026-06-25
WS/MP18136/2025-2026/165206,687849,1,2026-06-25,2026-06-25
WS/MP18136/2025-2026/165207,1869606,1,2026-05-07,2026-05-07
WS/MP18136/2025-2026/165240,994179,1,2026-03-19,2026-03-19
WS/MP18136/2025-2026/165241,697946,1,2025-11-13,2025-11-13
WS/MP18136/2025-2026/165242,250000,1,2025-11-13,2025-11-13
WS/MP18136/2025-2026/165243,745384,1,2025-11-13,2025-11-13
WS/MP18136/2025-2026/165244,598131,1,2025-11-13,2025-11-13
WS/MP18136/2025-2026/165692,946131,1,2025-10-08,2025-10-08
WS/MP18136/2025-2026/165694,1195809,1,2025-11-14,2025-11-14
WS/MP18136/2025-2026/167487,1000000,1,2025-09-19,2025-09-19
WS/MP18136/2025-2026/167489,1000000,1,2025-08-29,2025-08-29
WS/MP18136/2025-2026/167490,998218,1,2026-01-30,2026-01-30
WS/MP18136/2025-2026/167491,964353,1,2026-03-23,2026-03-23
WS/MP18136/2025-2026/167492,700000,1,2025-09-19,2025-09-19
WS/MP18136/2025-2026/167493,998950,1,2026-01-30,2026-01-30
WS/MP18136/2025-2026/176829,695805,1,2025-11-28,2025-11-28
WS/MP18136/2025-2026/179020,297851,1,2026-02-10,2026-02-10
WS/MP18136/2025-2026/179863,997211,1,2026-02-10,2026-02-10
WS/MP18136/2025-2026/180113,148628,1,2025-11-28,2025-11-28
WS/MP18136/2025-2026/185985,992449,1,2026-07-09,2026-07-09
WS/MP18136/2025-2026/185986,991420,1,2026-06-18,2026-06-18
WS/MP18136/2025-2026/185987,982179,1,2026-03-20,2026-03-20
WS/MP18136/2025-2026/185988,991408,1,2026-01-15,2026-01-15
WS/MP18136/2025-2026/186384,988064,1,2025-10-17,2025-10-17
WS/MP18136/2025-2026/195313,990689,1,2026-02-16,2026-02-16
WS/MP18136/2025-2026/199769,997936,1,2026-03-20,2026-03-20
WS/MP18136/2025-2026/204530,991944,1,2026-02-03,2026-02-03
WS/MP18136/2025-2026/216856,995210,1,2026-01-22,2026-01-22
WS/MP18136/2025-2026/218115,984594,1,2026-01-06,2026-01-06
WS/MP18136/2026-2027/190037,1799000,1,2026-05-04,2026-05-04
WS/MP18136/2026-2027/195290,1000000,1,2026-09-04,2026-09-04
WS/MP18136/2026-2027/195293,398363,1,2026-08-20,2026-08-20
WS/MP18136/2026-2027/195294,485866,1,2026-07-15,2026-07-15
WS/MP18136/2026-2027/195297,489099,1,2026-05-20,2026-05-20
WS/MP18136/2026-2027/195300,491863,1,2026-05-20,2026-05-20
WS/MP18136/2026-2027/199775,498230,1,2026-05-05,2026-05-05
WS/MP18136/2026-2027/211192,207630,1,2026-07-01,2026-07-01
WS/MP18136/2026-2027/231461,267697,1,2026-07-01,2026-07-01
WS/MP18136/2026-2027/257200,995588,1,2026-07-09,2026-07-09
WS/MP18136/2026-2027/273905,884556,1,2026-09-07,2026-09-07
WS/MP18136/2026-2027/278484,1027623,1,2026-09-07,2026-09-07
WS/MP18258/2025-2026/159947,1806232,1,2026-03-26,2026-03-26
WS/MP18258/2025-2026/164630,449205,2,2025-06-18,2025-06-18
WS/MP18258/2025-2026/183814,999828,1,2026-03-10,2026-03-10
WS/MP18258/2025-2026/183816,476962,1,2026-03-10,2026-03-10
WS/MP18258/2025-2026/183824,984502,1,2026-03-17,2026-03-17
WS/MP18258/2025-2026/183834,1966157,1,2025-09-03,2025-09-03
WS/MP18258/2025-2026/183960,1149003,1,2026-02-04,2026-02-04
WS/MP18258/2026-2027/183793,1181239,1,2026-06-19,2026-06-19
WS/MP18258/2026-2027/183797,1466928,1,2026-08-07,2026-08-07
WS/MP18258/2026-2027/183802,995057,1,2026-06-19,2026-06-19
WS/MP18258/2026-2027/183805,1113514,1,2026-06-19,2026-06-19
WS/MP18258/2026-2027/183811,985923,1,2026-06-19,2026-06-19
WS/MP18258/2026-2027/183812,1416321,1,2026-06-23,2026-06-23
WS/MP18258/2026-2027/183826,1977971,1,2026-09-02,2026-09-02
WS/MP18258/2026-2027/183905,995892,1,2026-09-02,2026-09-02
WS/MP18258/2026-2027/245999,977605,1,2026-09-04,2026-09-04
WS/MP18280/2025-2026/162290,215332,1,2026-03-11,2026-03-11
WS/MP18280/2025-2026/185070,215332,1,2026-02-27,2026-02-27
WS/MP18280/2025-2026/185071,215332,1,2026-02-27,2026-02-27
WS/MP18280/2025-2026/185072,215332,1,2026-03-04,2026-03-04
WS/MP18280/2025-2026/186636,215332,1,2026-03-11,2026-03-11
WS/MP18280/2025-2026/186637,215332,1,2026-03-04,2026-03-04
WS/MP18280/2025-2026/186638,215332,1,2026-03-04,2026-03-04
WS/MP18280/2025-2026/186639,215332,1,2026-03-04,2026-03-04
WS/MP18280/2025-2026/186712,215332,1,2026-03-04,2026-03-04
WS/MP18280/2025-2026/186713,215332,1,2026-03-04,2026-03-04
WS/MP18280/2025-2026/186714,215332,1,2026-03-04,2026-03-04
WS/MP18280/2025-2026/186715,215332,1,2026-02-28,2026-02-28
WS/MP18280/2025-2026/186716,215332,1,2026-02-28,2026-02-28
WS/MP18280/2025-2026/186717,215332,1,2026-02-28,2026-02-28
WS/MP18280/2025-2026/186814,215332,1,2026-03-04,2026-03-04
WS/MP18280/2025-2026/186965,215332,1,2026-02-28,2026-02-28
WS/MP18280/2025-2026/186966,215332,1,2026-03-04,2026-03-04
WS/MP18280/2025-2026/186967,215332,1,2026-03-04,2026-03-04
WS/MP18280/2025-2026/186968,215332,1,2026-02-27,2026-02-27
WS/MP18280/2025-2026/186969,215332,1,2026-03-11,2026-03-11
WS/MP18280/2025-2026/186971,215332,1,2026-02-28,2026-02-28
WS/MP18280/2025-2026/186972,215332,1,2026-03-04,2026-03-04
WS/MP18280/2025-2026/186973,215332,1,2026-02-28,2026-02-28
WS/MP18280/2025-2026/186974,215332,1,2026-03-04,2026-03-04
WS/MP18280/2025-2026/186976,215332,1,2026-03-04,2026-03-04
WS/MP18280/2025-2026/186977,215332,1,2026-02-27,2026-02-27
WS/MP18280/2025-2026/186978,215332,1,2026-02-28,2026-02-28
WS/MP18280/2025-2026/186979,215332,1,2026-03-04,2026-03-04
WS/MP18280/2025-2026/186994,215332,1,2026-02-27,2026-02-27
WS/MP18280/2025-2026/186995,215332,1,2026-02-28,2026-02-28
WS/MP18280/2025-2026/186996,215332,1,2026-02-27,2026-02-27
WS/MP18280/2025-2026/186997,215332,1,2026-02-27,2026-02-27
WS/MP18280/2025-2026/186998,215332,1,2026-02-28,2026-02-28
WS/MP18280/2025-2026/186999,215332,1,2026-03-04,2026-03-04
WS/MP18280/2025-2026/187601,215332,1,2026-03-04,2026-03-04
WS/MP18280/2025-2026/187602,215332,1,2026-03-04,2026-03-04
WS/MP18280/2025-2026/187603,215332,1,2026-04-29,2026-04-29
WS/MP18280/2025-2026/187604,215332,1,2026-03-04,2026-03-04
WS/MP18280/2025-2026/187605,215332,1,2026-03-04,2026-03-04
WS/MP18280/2025-2026/187606,215332,1,2026-02-28,2026-02-28
WS/MP18280/2025-2026/187607,215332,1,2026-02-27,2026-02-27
WS/MP18307/2025-2026/143600,1498862,1,2026-07-01,2026-07-01
WS/MP18307/2025-2026/143603,2498104,1,2026-08-19,2026-08-19
WS/MP18307/2025-2026/143606,1998482,1,2026-08-04,2026-08-04
WS/MP18307/2025-2026/143607,1998481,1,2026-07-03,2026-07-03
WS/MP18307/2025-2026/143608,1998482,1,2026-08-19,2026-08-19
WS/MP18307/2025-2026/143610,1498861,1,2026-08-19,2026-08-19
WS/MP18307/2025-2026/143611,1485428,1,2026-02-17,2026-02-17
WS/MP18307/2025-2026/143612,1485428,1,2026-07-01,2026-07-01
WS/MP18307/2025-2026/143613,1498861,1,2026-08-04,2026-08-04
WS/MP18307/2025-2026/146575,1998482,1,2026-08-19,2026-08-19
WS/MP18307/2025-2026/178216,1498862,1,2026-01-23,2026-01-23
WS/MP18307/2025-2026/178219,999241,1,2026-03-20,2026-03-20
WS/MP18307/2025-2026/180114,1798633,1,2025-11-06,2025-11-06
WS/MP18307/2025-2026/180126,1798633,1,2025-11-06,2025-11-06
WS/MP18307/2025-2026/180169,1898558,1,2026-01-23,2026-01-23
WS/MP18307/2025-2026/180170,2498103,1,2026-01-23,2026-01-23
WS/MP18307/2025-2026/231062,2397497,1,2026-07-01,2026-07-01
WS/MP18308/2025-2026/145410,1998481,1,2026-01-23,2026-01-23
WS/MP18308/2025-2026/145411,1498862,1,2025-10-14,2025-10-14
WS/MP18308/2025-2026/145414,1998482,1,2026-04-07,2026-04-07
WS/MP18308/2025-2026/145418,1998481,1,2025-07-02,2025-07-02
WS/MP18308/2025-2026/145419,1498862,1,2025-08-01,2025-08-01
WS/MP18308/2025-2026/145420,1998481,1,2025-10-14,2025-10-14
WS/MP18308/2025-2026/145422,2498103,1,2025-07-28,2025-07-28
WS/MP18308/2025-2026/145424,1798634,1,2026-01-23,2026-01-23
WS/MP18308/2025-2026/145425,2098407,1,2026-08-05,2026-08-05
WS/MP18308/2025-2026/145426,1498862,1,2025-07-28,2025-07-28
WS/MP18308/2025-2026/145427,2995469,1,2026-01-27,2026-01-27
WS/MP18308/2025-2026/145428,1498861,1,2025-07-01,2025-07-01
WS/MP18308/2025-2026/145430,1998481,1,2026-08-04,2026-08-04
WS/MP18308/2025-2026/145431,3993959,1,2026-01-23,2026-01-23
WS/MP18308/2025-2026/145433,1498862,1,2025-10-14,2025-10-14
WS/MP18308/2025-2026/244678,2498103,1,2026-08-03,2026-08-03
WS/MP18308/2025-2026/244680,4971782,1,2026-04-07,2026-04-07
WS/MP18308/2025-2026/244683,2983069,1,2026-04-07,2026-04-07
WS/MP18308/2025-2026/244692,2983069,1,2026-03-25,2026-03-25
WS/MP18308/2025-2026/244697,2497221,1,2026-08-06,2026-08-06
WS/MP18308/2025-2026/244704,1997775,1,2026-08-06,2026-08-06
WS/MP18308/2025-2026/244705,1998481,1,2026-08-06,2026-08-06
WS/MP18308/2025-2026/244717,1498335,1,2026-03-25,2026-03-25
WS/MP18308/2025-2026/262892,1500000,1,2026-08-04,2026-08-04
WS/MP18323/2024-2025/167218,999189,1,2025-04-01,2025-04-01
WS/MP18323/2025-2026/144107,1494640,1,2026-02-06,2026-02-06
WS/MP18323/2025-2026/144115,995673,1,2025-11-14,2025-11-14
WS/MP18323/2025-2026/144116,995696,1,2026-02-04,2026-02-04
WS/MP18323/2025-2026/146706,494000,1,2025-05-13,2025-05-13
WS/MP18323/2025-2026/146707,589894,1,2025-07-04,2025-07-04
WS/MP18323/2025-2026/146708,494297,1,2025-10-10,2025-10-10
WS/MP18323/2025-2026/146710,691689,1,2025-07-16,2025-07-16
WS/MP18323/2025-2026/146716,797573,1,2026-04-13,2026-04-13
WS/MP18323/2025-2026/146867,990848,1,2026-03-26,2026-03-26
WS/MP18323/2025-2026/147142,991691,1,2025-04-28,2025-04-28
WS/MP18323/2025-2026/167402,696742,1,2025-08-13,2025-08-13
WS/MP18323/2025-2026/167414,996732,1,2025-10-07,2025-10-07
WS/MP18323/2025-2026/167436,994329,1,2025-10-07,2025-10-07
WS/MP18323/2025-2026/168679,677260,1,2025-08-11,2025-08-11
WS/MP18323/2025-2026/168685,963776,1,2025-08-11,2025-08-11
WS/MP18323/2025-2026/168809,999782,1,2025-08-08,2025-08-08
WS/MP18323/2025-2026/181739,497066,1,2026-03-10,2026-03-10
WS/MP18323/2025-2026/181744,492464,1,2026-02-26,2026-02-26
WS/MP18323/2025-2026/181753,498425,1,2026-03-24,2026-03-24
WS/MP18323/2025-2026/181778,995269,1,2026-02-18,2026-02-18
WS/MP18323/2025-2026/181788,496350,1,2026-01-30,2026-01-30
WS/MP18323/2025-2026/181789,497870,1,2026-01-30,2026-01-30
WS/MP18323/2025-2026/181800,999843,1,2026-04-17,2026-04-17
WS/MP18323/2025-2026/181820,988936,1,2025-12-05,2025-12-05
WS/MP18323/2026-2027/144111,998705,1,2026-05-25,2026-05-25
WS/MP18323/2026-2027/144117,1000000,1,2026-08-07,2026-08-07
WS/MP18323/2026-2027/144120,1991059,1,2026-05-22,2026-05-22
WS/MP18323/2026-2027/146709,292053,1,2026-07-24,2026-07-24
WS/MP18323/2026-2027/146717,794104,1,2026-08-24,2026-08-24
WS/MP18323/2026-2027/167454,999897,1,2026-07-23,2026-07-23
WS/MP18323/2026-2027/181798,941831,1,2026-04-17,2026-04-17
WS/MP18323/2026-2027/244809,999000,1,2026-06-30,2026-06-30
WS/MP18323/2026-2027/270930,499737,1,2026-08-22,2026-08-22
WS/MP18327/2025-2026/137670,498751,1,2026-03-12,2026-03-12
WS/MP18327/2025-2026/235510,1000000,1,2026-04-07,2026-04-07
WS/MP18327/2026-2027/213808,965905,1,2026-06-30,2026-06-30
WS/MP18327/2026-2027/241888,994800,1,2026-07-15,2026-07-15
WS/MP18327/2026-2027/243964,987578,1,2026-07-10,2026-07-10
WS/MP18327/2026-2027/246151,997159,1,2026-07-21,2026-07-21
WS/MP18327/2026-2027/246153,999752,1,2026-05-27,2026-05-27
WS/MP18327/2026-2027/246159,996817,1,2026-07-21,2026-07-21
WS/MP18327/2026-2027/282558,999633,1,2026-05-27,2026-05-27
WS/MP18361/2025-2026/219015,1798634,1,2026-08-07,2026-08-07
WS/MP18361/2025-2026/219023,2597093,1,2026-08-07,2026-08-07
WS/MP18361/2025-2026/226175,1559790,1,2026-04-09,2026-04-09
WS/MP18369/2024-2025/175546,1986447,1,2025-07-16,2025-07-16
WS/MP18369/2025-2026/174551,287925,1,2026-06-30,2026-06-30
WS/MP18369/2025-2026/177485,492429,1,2026-02-05,2026-02-05
WS/MP18369/2025-2026/177557,393430,1,2026-03-25,2026-03-25
WS/MP18369/2025-2026/177558,393751,1,2026-03-22,2026-03-22
WS/MP18369/2025-2026/177559,393554,1,2026-03-25,2026-03-25
WS/MP18369/2025-2026/177560,393711,1,2026-03-25,2026-03-25
WS/MP18369/2025-2026/177565,393672,1,2026-03-23,2026-03-23
WS/MP18369/2025-2026/177566,393751,1,2026-03-23,2026-03-23
WS/MP18369/2025-2026/177567,393593,1,2026-03-25,2026-03-25
WS/MP18369/2025-2026/177568,393672,1,2026-03-23,2026-03-23
WS/MP18369/2025-2026/177574,393593,1,2026-03-25,2026-03-25
WS/MP18369/2025-2026/177575,976951,1,2026-04-08,2026-04-08
WS/MP18369/2025-2026/177576,986561,1,2025-12-16,2025-12-16
WS/MP18369/2025-2026/177577,990018,1,2025-12-17,2025-12-17
WS/MP18369/2025-2026/177578,393551,1,2026-03-25,2026-03-25
WS/MP18369/2025-2026/187442,199636,1,2025-11-27,2025-11-27
WS/MP18369/2025-2026/187445,694759,1,2025-11-18,2025-11-18
WS/MP18369/2025-2026/187447,484924,1,2025-07-31,2025-07-31
WS/MP18369/2025-2026/239887,999400,1,2026-04-28,2026-04-28
WS/MP18369/2025-2026/240011,976825,1,2026-02-06,2026-02-06
WS/MP18369/2025-2026/240012,974910,1,2026-03-19,2026-03-19
WS/MP18369/2026-2027/165950,198998,1,2026-08-17,2026-08-17
WS/MP18369/2026-2027/177484,691383,1,2026-06-25,2026-06-25
WS/MP18369/2026-2027/177561,393629,1,2026-06-27,2026-06-27
WS/MP18369/2026-2027/177562,393551,1,2026-06-27,2026-06-27
WS/MP18369/2026-2027/177563,393708,1,2026-06-27,2026-06-27
WS/MP18369/2026-2027/177564,393590,1,2026-06-27,2026-06-27
WS/MP18369/2026-2027/177569,393669,1,2026-06-26,2026-06-26
WS/MP18369/2026-2027/177570,393472,1,2026-06-26,2026-06-26
WS/MP18369/2026-2027/177571,393708,1,2026-06-26,2026-06-26
WS/MP18369/2026-2027/177572,393590,1,2026-06-25,2026-06-25
WS/MP18369/2026-2027/177573,393629,1,2026-06-25,2026-06-25
WS/MP18369/2026-2027/177579,393708,1,2026-06-27,2026-06-27
WS/MP18369/2026-2027/187446,491821,1,2026-05-07,2026-05-07
WS/MP18369/2026-2027/226226,487119,1,2026-08-13,2026-08-13
WS/MP18369/2026-2027/226919,729332,1,2026-06-22,2026-06-22
WS/MP18369/2026-2027/237126,745795,1,2026-07-03,2026-07-03
WS/MP18369/2026-2027/237749,974999,1,2026-06-22,2026-06-22
WS/MP18369/2026-2027/239318,699650,1,2026-07-08,2026-07-08
WS/MP18369/2026-2027/257052,594833,1,2026-06-29,2026-06-29
WS/MP18369/2026-2027/295300,980871,1,2026-07-20,2026-07-20
WS/MP18376/2026-2027/197847,2498104,1,2026-09-08,2026-09-08
WS/MP18376/2026-2027/197848,2498104,1,2026-09-08,2026-09-08
WS/MP18376/2026-2027/197851,3993959,1,2026-09-08,2026-09-08
WS/MP18376/2026-2027/197860,1998482,1,2026-09-08,2026-09-08
WS/MP18376/2026-2027/197861,1998482,1,2026-09-08,2026-09-08
WS/MP18376/2026-2027/197862,2498104,1,2026-09-08,2026-09-08
WS/MP18376/2026-2027/197865,1998482,1,2026-09-08,2026-09-08
WS/MP18376/2026-2027/197866,2498104,1,2026-09-08,2026-09-08
WS/MP18376/2026-2027/197880,2498104,1,2026-09-08,2026-09-08
WS/MP18376/2026-2027/197881,1998482,1,2026-09-08,2026-09-08
WS/MP18376/2026-2027/197882,3993959,1,2026-09-08,2026-09-08
WS/MP18376/2026-2027/197883,2498103,1,2026-09-08,2026-09-08
WS/MP18376/2026-2027/197886,2982884,1,2026-09-08,2026-09-08
WS/MP18376/2026-2027/197901,3993959,1,2026-09-08,2026-09-08
WS/MP18376/2026-2027/197902,2498104,1,2026-09-08,2026-09-08
WS/MP18376/2026-2027/197903,2995469,1,2026-09-08,2026-09-08
WS/MP18376/2026-2027/226525,2498104,1,2026-05-20,2026-05-20
WS/MP18376/2026-2027/226526,1598785,1,2026-05-20,2026-05-20
WS/MP18376/2026-2027/226529,1798634,1,2026-05-20,2026-05-20
WS/MP18376/2026-2027/226530,1897047,1,2026-08-17,2026-08-17
WS/MP18429/2025-2026/223139,492780,1,2026-02-14,2026-02-14
WS/MP18429/2025-2026/223140,492775,1,2026-02-14,2026-02-14
WS/MP18429/2025-2026/223141,985780,1,2026-02-14,2026-02-14
WS/MP18429/2025-2026/223208,496574,1,2026-02-18,2026-02-18
WS/MP18429/2025-2026/223681,998000,1,2026-03-11,2026-03-11
WS/MP18429/2025-2026/226340,995623,1,2025-12-24,2025-12-24
WS/MP18429/2025-2026/227018,995712,1,2026-04-02,2026-04-02
WS/MP18429/2025-2026/227019,497913,1,2026-03-10,2026-03-10
WS/MP18429/2025-2026/242066,995786,1,2026-02-06,2026-02-06
WS/MP18429/2025-2026/242067,495000,1,2026-04-07,2026-04-07
WS/MP18429/2025-2026/243635,497601,1,2026-03-02,2026-03-02
WS/MP18429/2026-2027/207496,499000,1,2026-08-18,2026-08-18
WS/MP18429/2026-2027/207498,499000,1,2026-08-18,2026-08-18
WS/MP18429/2026-2027/212619,999659,1,2026-06-22,2026-06-22
WS/MP18429/2026-2027/217228,999696,1,2026-07-09,2026-07-09
WS/MP18429/2026-2027/225915,499908,1,2026-07-17,2026-07-17
WS/MP18429/2026-2027/225932,998790,1,2026-04-10,2026-04-10
WS/MP18429/2026-2027/226795,994928,1,2026-06-27,2026-06-27
WS/MP18429/2026-2027/227298,999238,1,2026-04-10,2026-04-10
WS/MP18429/2026-2027/227299,1493374,1,2026-07-08,2026-07-08
WS/MP18429/2026-2027/237859,495937,1,2026-08-03,2026-08-03
WS/MP18429/2026-2027/239006,1479521,1,2026-06-23,2026-06-23
WS/MP18429/2026-2027/240743,1982148,1,2026-06-23,2026-06-23
WS/MP18429/2026-2027/242065,995385,1,2026-06-30,2026-06-30
WS/MP18429/2026-2027/242119,499947,1,2026-08-10,2026-08-10
WS/MP18429/2026-2027/242399,991949,1,2026-07-09,2026-07-09
WS/MP18429/2026-2027/242460,493870,1,2026-07-07,2026-07-07
WS/MP18429/2026-2027/242461,494083,1,2026-07-03,2026-07-03
WS/MP18429/2026-2027/242464,493686,1,2026-07-07,2026-07-07
WS/MP18429/2026-2027/242465,699923,1,2026-09-08,2026-09-08
WS/MP18429/2026-2027/242891,696785,1,2026-07-16,2026-07-16
WS/MP18429/2026-2027/243633,498675,1,2026-07-01,2026-07-01
WS/MP18429/2026-2027/243634,695903,1,2026-08-05,2026-08-05
WS/MP18429/2026-2027/243636,990463,1,2026-07-01,2026-07-01
WS/MP18429/2026-2027/243637,998344,1,2026-08-07,2026-08-07
WS/MP18429/2026-2027/244440,991949,1,2026-04-16,2026-04-16
WS/MP18429/2026-2027/244548,699930,1,2026-09-02,2026-09-02
WS/MP18429/2026-2027/244565,1975637,1,2026-07-07,2026-07-07
WS/MP18429/2026-2027/245247,497978,1,2026-07-01,2026-07-01
WS/MP18429/2026-2027/245249,996000,1,2026-07-20,2026-07-20
WS/MP18429/2026-2027/245668,496040,1,2026-04-06,2026-04-06
WS/MP18429/2026-2027/245679,696912,1,2026-07-02,2026-07-02
WS/MP18429/2026-2027/245707,973968,1,2026-09-08,2026-09-08
WS/MP18429/2026-2027/245752,494000,1,2026-07-15,2026-07-15
WS/MP18429/2026-2027/247111,499122,1,2026-07-23,2026-07-23
WS/MP18429/2026-2027/247113,499440,1,2026-07-08,2026-07-08
WS/MP18429/2026-2027/247336,494000,1,2026-08-27,2026-08-27
WS/MP18429/2026-2027/248059,493811,1,2026-07-07,2026-07-07
WS/MP18429/2026-2027/248061,985937,1,2026-05-12,2026-05-12
WS/MP18429/2026-2027/248639,992255,1,2026-07-20,2026-07-20
WS/MP18429/2026-2027/248642,992531,1,2026-08-13,2026-08-13
WS/MP18429/2026-2027/248643,992631,1,2026-09-02,2026-09-02
WS/MP18429/2026-2027/249341,994388,1,2026-09-02,2026-09-02
WS/MP18429/2026-2027/250362,998848,1,2026-08-18,2026-08-18
WS/MP661/2025-2026/146558,1000000,1,2025-08-22,2025-08-22
WS/MP661/2025-2026/146559,1000000,1,2025-08-22,2025-08-22
WS/MP661/2025-2026/146560,1000000,1,2025-06-10,2025-06-10
WS/MP661/2025-2026/146561,1000000,1,2025-06-10,2025-06-10
WS/MP661/2025-2026/146562,1000000,1,2025-07-08,2025-07-08
WS/MP661/2025-2026/146563,995405,1,2025-07-21,2025-07-21
WS/MP661/2025-2026/146564,1000000,1,2025-05-26,2025-05-26
WS/MP661/2025-2026/146565,1000000,1,2025-07-21,2025-07-21
WS/MP661/2025-2026/146566,1000000,1,2025-05-26,2025-05-26
WS/MP661/2025-2026/147453,990415,1,2025-08-25,2025-08-25
WS/MP661/2025-2026/147454,919303,1,2026-07-22,2026-07-22
WS/MP661/2025-2026/147465,999694,1,2025-10-29,2025-10-29
WS/MP661/2025-2026/147480,995639,1,2025-09-26,2025-09-26
WS/MP661/2025-2026/180258,1000000,1,2025-11-24,2025-11-24
WS/MP661/2025-2026/180259,1000000,1,2025-11-24,2025-11-24
WS/MP661/2025-2026/241892,1000000,1,2025-11-11,2025-11-11
WS/MP661/2026-2027/147464,482614,1,2026-05-19,2026-05-19
WS/MP661/2026-2027/188107,457374,1,2026-05-19,2026-05-19
WS/MP661/2026-2027/188108,438594,1,2026-05-19,2026-05-19
WS/MP661/2026-2027/188109,462962,1,2026-05-19,2026-05-19
WS/MP661/2026-2027/188110,470341,1,2026-05-19,2026-05-19
WS/MP661/2026-2027/188111,450472,1,2026-05-19,2026-05-19
WS/MP661/2026-2027/188117,454290,1,2026-05-19,2026-05-19
WS/MP661/2026-2027/188118,450747,1,2026-05-19,2026-05-19
WS/MP661/2026-2027/246048,995843,1,2026-09-02,2026-09-02
WS/MP661/2026-2027/246081,993920,1,2026-08-18,2026-08-18
WS/MP662/2026-2027/278122,325000,1,2026-06-30,2026-06-30
WS/MP664/2025-2026/146325,1193715,1,2025-09-17,2025-09-17
WS/MP664/2025-2026/146326,994762,1,2025-09-17,2025-09-17
WS/MP664/2025-2026/146327,1094240,1,2025-09-17,2025-09-17
WS/MP664/2025-2026/146328,1196940,1,2025-09-17,2025-09-17
WS/MP664/2025-2026/146329,1246813,1,2025-09-17,2025-09-17
WS/MP664/2025-2026/146330,1496175,1,2025-09-17,2025-09-17
WS/MP664/2025-2026/146335,1494831,1,2025-09-17,2025-09-17
WS/MP664/2025-2026/146362,1093255,1,2025-09-17,2025-09-17
WS/MP664/2025-2026/146363,1590188,1,2025-09-17,2025-09-17
WS/MP664/2025-2026/146364,994762,1,2025-09-17,2025-09-17
WS/MP664/2025-2026/146365,2089002,1,2025-09-17,2025-09-17
WS/MP664/2025-2026/146367,2094646,1,2025-09-17,2025-09-17
WS/MP664/2025-2026/146368,1795410,1,2025-09-17,2025-09-17
WS/MP664/2026-2027/146582,1996493,1,2026-05-18,2026-05-18
WS/MP664/2026-2027/146583,2495616,1,2026-05-18,2026-05-18
WS/MP664/2026-2027/146584,1996890,1,2026-05-18,2026-05-18
WS/MP664/2026-2027/146585,1497667,1,2026-05-18,2026-05-18
WS/MP664/2026-2027/221410,2498104,1,2026-04-06,2026-04-06
WS/MP667/2025-2026/175141,1000000,1,2025-12-10,2025-12-10
WS/MP667/2025-2026/175160,1000000,1,2025-09-25,2025-09-25
WS/MP672/2024-2025/136731,963514,1,2024-08-23,2024-08-23
WS/MP672/2024-2025/144101,152300,1,2024-10-04,2024-10-04
WS/MP672/2024-2025/144103,555000,1,2024-10-01,2024-10-01
WS/MP672/2024-2025/144104,670000,1,2024-10-01,2024-10-01
WS/MP672/2024-2025/144105,458593,1,2024-10-04,2024-10-04
WS/MP672/2024-2025/157560,959212,1,2025-09-19,2025-09-19
WS/MP672/2024-2025/157636,956902,1,2025-08-04,2025-08-04
WS/MP672/2024-2025/172547,955761,1,2025-02-17,2025-02-17
WS/MP672/2024-2025/181677,1949760,1,2025-05-08,2025-05-08
WS/MP672/2024-2025/185152,435000,1,2025-03-30,2025-03-30
WS/MP672/2024-2025/185160,992000,1,2025-05-21,2025-05-21
WS/MP672/2025-2026/181697,966539,1,2025-11-14,2025-11-14
WS/MP672/2025-2026/181702,2232096,1,2025-11-27,2025-11-27
WS/MP672/2025-2026/198594,943737,1,2026-02-26,2026-02-26
WS/MP672/2025-2026/198595,449900,1,2026-07-31,2026-07-31
WS/MP672/2025-2026/226219,9998850,1,2026-04-06,2026-04-06
WS/MP672/2025-2026/252718,150000,1,2026-07-31,2026-07-31
WS/MP672/2025-2026/256783,2347190,1,2026-02-06,2026-02-06
WS/MP672/2025-2026/276662,1583723,1,2026-03-30,2026-03-30
WS/MP672/2026-2027/215081,1203802,1,2026-05-14,2026-05-14
WS/MP672/2026-2027/215131,1374996,1,2026-07-03,2026-07-03
WS/MP672/2026-2027/215132,1374299,1,2026-07-24,2026-07-24
WS/MP672/2026-2027/215133,1368261,1,2026-07-24,2026-07-24
WS/MP672/2026-2027/215157,393118,1,2026-06-17,2026-06-17
WS/MP672/2026-2027/215164,775097,1,2026-06-17,2026-06-17
WS/MP672/2026-2027/227303,784511,1,2026-06-16,2026-06-16
WS/MP672/2026-2027/227307,1888785,1,2026-06-16,2026-06-16
WS/MP672/2026-2027/247099,1965693,1,2026-05-14,2026-05-14
WS/MP672/2026-2027/272113,943153,1,2026-08-24,2026-08-24
WS/MP672/2026-2027/272114,947858,1,2026-08-21,2026-08-21
WS/MP672/2026-2027/272115,943418,1,2026-08-24,2026-08-24
WS/MP672/2026-2027/272117,944440,1,2026-08-24,2026-08-24
WS/MP672/2026-2027/276663,729476,2,2026-05-06,2026-05-06
WS/MP672/2026-2027/291742,3201581,1,2026-07-07,2026-07-07
WS/MP673/2024-2025/139034,300000,1,2025-03-11,2025-03-11
WS/MP673/2024-2025/139059,299942,1,2025-07-23,2025-07-23
WS/MP673/2025-2026/143160,500000,1,2025-05-16,2025-05-16
WS/MP673/2025-2026/145399,299674,1,2025-10-17,2025-10-17
WS/MP673/2025-2026/147093,699164,1,2025-09-02,2025-09-02
WS/MP673/2025-2026/167817,2499999,2,2026-03-04,2026-03-04
WS/MP673/2025-2026/169929,1293928,1,2026-03-10,2026-03-10
WS/MP673/2025-2026/172566,291682,1,2026-02-02,2026-02-02
WS/MP673/2025-2026/176580,697913,1,2025-12-04,2025-12-04
WS/MP673/2025-2026/176951,298963,1,2026-01-02,2026-01-02
WS/MP673/2025-2026/176955,696992,1,2025-07-16,2025-07-16
WS/MP673/2025-2026/181028,500000,1,2026-01-23,2026-01-23
WS/MP673/2025-2026/193049,494997,1,2025-09-02,2025-09-02
WS/MP673/2025-2026/199029,693895,1,2026-01-03,2026-01-03
WS/MP673/2025-2026/199040,696803,1,2026-03-09,2026-03-09
WS/MP673/2025-2026/199064,696907,1,2025-10-16,2025-10-16
WS/MP673/2025-2026/200173,673517,1,2026-03-09,2026-03-09
WS/MP673/2025-2026/201929,696250,1,2026-02-27,2026-02-27
WS/MP673/2025-2026/202437,498630,1,2026-01-23,2026-01-23
WS/MP673/2025-2026/214098,497555,1,2026-02-02,2026-02-02
WS/MP673/2025-2026/218083,500000,1,2026-03-07,2026-03-07
WS/MP673/2026-2027/163702,666167,1,2026-09-02,2026-09-02
WS/MP673/2026-2027/172568,287196,1,2026-07-18,2026-07-18
WS/MP673/2026-2027/176952,298283,1,2026-05-25,2026-05-25
WS/MP673/2026-2027/176956,694535,1,2026-08-19,2026-08-19
WS/MP673/2026-2027/182071,695930,1,2026-09-04,2026-09-04
WS/MP673/2026-2027/193055,299448,1,2026-07-30,2026-07-30
WS/MP673/2026-2027/193060,498172,1,2026-06-29,2026-06-29
WS/MP673/2026-2027/193064,995271,1,2026-04-17,2026-04-17
WS/MP673/2026-2027/201963,995416,1,2026-05-25,2026-05-25
WS/MP673/2026-2027/202474,497237,1,2026-08-08,2026-08-08
WS/MP673/2026-2027/203683,695987,1,2026-05-21,2026-05-21
WS/MP673/2026-2027/204854,696991,1,2026-07-07,2026-07-07
WS/MP673/2026-2027/207526,995670,1,2026-05-04,2026-05-04
WS/MP673/2026-2027/207539,497715,1,2026-06-24,2026-06-24
WS/MP673/2026-2027/210708,686896,1,2026-06-29,2026-06-29
WS/MP673/2026-2027/210710,697773,1,2026-08-25,2026-08-25
WS/MP673/2026-2027/218587,296176,1,2026-04-09,2026-04-09
WS/MP673/2026-2027/225719,685572,1,2026-04-29,2026-04-29
WS/MP673/2026-2027/225939,993405,1,2026-08-14,2026-08-14
WS/MP673/2026-2027/227541,310438,1,2026-04-09,2026-04-09
WS/MP673/2026-2027/238949,999999,1,2026-06-22,2026-06-22
WS/MP673/2026-2027/240864,696292,1,2026-08-17,2026-08-17
WS/MP673/2026-2027/259050,696980,1,2026-05-29,2026-05-29
WS/MP675/2025-2026/257402,747028,1,2026-03-04,2026-03-04
WS/MP675/2025-2026/257406,461000,1,2026-03-06,2026-03-06
WS/MP681/2024-2025/134797,997623,1,2025-07-18,2025-07-18
WS/MP681/2024-2025/134798,998788,1,2025-03-20,2025-03-20
WS/MP681/2024-2025/134799,999356,1,2026-04-18,2026-04-18
WS/MP681/2024-2025/134800,999753,1,2025-07-13,2025-07-13
WS/MP681/2024-2025/134801,999978,1,2025-06-23,2025-06-23
WS/MP681/2024-2025/134802,1493920,1,2025-07-18,2025-07-18
WS/MP681/2024-2025/134803,999904,1,2025-05-04,2025-05-04
WS/MP681/2024-2025/134804,999896,1,2025-04-21,2025-04-21
WS/MP681/2024-2025/134805,999711,1,2025-02-07,2025-02-07
WS/MP681/2024-2025/143646,797176,1,2025-07-14,2025-07-14
WS/MP681/2024-2025/143647,791961,1,2025-06-12,2025-06-12
WS/MP681/2024-2025/143648,893869,1,2025-06-03,2025-06-03
WS/MP681/2024-2025/143649,991855,1,2025-06-03,2025-06-03
WS/MP681/2024-2025/143650,798769,1,2025-03-24,2025-03-24
WS/MP681/2024-2025/143651,880849,1,2025-03-06,2025-03-06
WS/MP681/2024-2025/143652,793754,1,2025-06-04,2025-06-04
WS/MP681/2024-2025/143654,991457,1,2025-04-29,2025-04-29
WS/MP681/2024-2025/143655,985348,1,2025-03-26,2025-03-26
WS/MP681/2024-2025/143658,991116,1,2026-01-21,2026-01-21
WS/MP681/2024-2025/143809,999464,1,2025-12-14,2025-12-14
WS/MP681/2024-2025/143971,498686,1,2025-07-30,2025-07-30
WS/MP681/2024-2025/143974,699926,1,2025-07-07,2025-07-07
WS/MP681/2024-2025/143975,699957,1,2025-05-07,2025-05-07
WS/MP681/2024-2025/143976,699760,1,2025-04-22,2025-04-22
WS/MP681/2024-2025/143979,699426,1,2025-09-08,2025-09-08
WS/MP681/2024-2025/143980,699603,1,2025-09-08,2025-09-08
WS/MP681/2024-2025/143981,694100,1,2025-05-04,2025-05-04
WS/MP681/2024-2025/143982,694100,1,2025-04-24,2025-04-24
WS/MP681/2024-2025/143983,699851,1,2025-05-04,2025-05-04
WS/MP681/2024-2025/144038,957000,1,2025-04-30,2025-04-30
WS/MP681/2024-2025/144040,696205,1,2026-02-02,2026-02-02
WS/MP681/2024-2025/144041,990568,1,2026-03-02,2026-03-02
WS/MP681/2024-2025/144067,494879,1,2025-11-11,2025-11-11
WS/MP681/2024-2025/145255,999768,1,2025-06-15,2025-06-15
WS/MP681/2024-2025/158411,999965,1,2026-05-21,2026-05-21
WS/MP681/2024-2025/161539,499500,1,2025-03-20,2025-03-20
WS/MP681/2024-2025/161563,699821,1,2025-07-18,2025-07-18
WS/MP681/2024-2025/161565,599968,1,2026-02-04,2026-02-04
WS/MP681/2024-2025/163047,997697,1,2025-08-18,2025-08-18
WS/MP681/2024-2025/163049,999478,1,2025-07-11,2025-07-11
WS/MP681/2025-2026/143978,699809,1,2026-01-05,2026-01-05
WS/MP681/2025-2026/144039,995260,1,2025-06-20,2025-06-20
WS/MP681/2025-2026/144068,696704,1,2025-11-11,2025-11-11
WS/MP681/2025-2026/163066,888729,1,2026-07-02,2026-07-02
WS/MP681/2025-2026/251026,495744,1,2026-05-04,2026-05-04
WS/MP681/2025-2026/251028,499735,1,2026-05-04,2026-05-04
WS/MP681/2025-2026/255341,599674,1,2026-06-18,2026-06-18
WS/MP681/2025-2026/255342,999462,1,2026-06-18,2026-06-18
WS/MP681/2026-2027/257816,699900,1,2026-08-11,2026-08-11
WS/MP685/2024-2025/143363,998243,1,2025-04-22,2025-04-22
WS/MP685/2024-2025/143365,995777,1,2025-04-22,2025-04-22
WS/MP685/2024-2025/143366,996227,1,2025-04-22,2025-04-22
WS/MP685/2024-2025/143367,996227,1,2025-04-22,2025-04-22
WS/MP685/2024-2025/143368,997319,1,2025-04-22,2025-04-22
WS/MP685/2024-2025/143369,996227,1,2025-04-22,2025-04-22
WS/MP685/2024-2025/143370,996010,1,2025-04-22,2025-04-22
WS/MP685/2025-2026/143374,996226,1,2025-09-16,2025-09-16
WS/MP685/2025-2026/170394,250000,1,2025-11-21,2025-11-21
WS/MP685/2025-2026/171729,499000,2,2025-11-27,2026-02-27
WS/MP685/2025-2026/175373,994543,1,2026-02-11,2026-02-11
WS/MP685/2025-2026/176775,500000,1,2025-11-21,2025-11-21
WS/MP685/2025-2026/182072,697697,1,2026-03-17,2026-03-17
WS/MP685/2025-2026/187645,1000000,1,2026-03-06,2026-03-06
WS/MP685/2025-2026/187646,1000000,1,2026-03-10,2026-03-10
WS/MP685/2025-2026/187994,1498219,2,2026-02-16,2026-02-27
WS/MP685/2025-2026/187995,999000,2,2026-03-26,2026-04-09
WS/MP685/2025-2026/194548,999565,1,2026-02-11,2026-02-11
WS/MP685/2025-2026/194549,991771,1,2026-02-11,2026-02-11
WS/MP685/2025-2026/194555,994791,1,2026-02-11,2026-02-11
WS/MP685/2025-2026/196296,600000,1,2025-10-13,2025-10-13
WS/MP685/2025-2026/196297,300000,1,2025-10-13,2025-10-13
WS/MP685/2025-2026/196299,300000,1,2025-10-13,2025-10-13
WS/MP685/2025-2026/196301,300000,1,2025-10-13,2025-10-13
WS/MP685/2025-2026/196302,300000,1,2025-10-13,2025-10-13
WS/MP685/2025-2026/196303,300000,1,2025-10-13,2025-10-13
WS/MP685/2025-2026/196305,600000,1,2025-10-13,2025-10-13
WS/MP685/2025-2026/196307,299994,1,2025-10-13,2025-10-13
WS/MP685/2025-2026/196308,300000,1,2025-10-13,2025-10-13
WS/MP685/2025-2026/196310,300000,1,2025-10-13,2025-10-13
WS/MP685/2025-2026/196312,600000,1,2025-10-13,2025-10-13
WS/MP685/2025-2026/196313,499990,1,2025-10-13,2025-10-13
WS/MP685/2025-2026/196314,600000,1,2025-10-13,2025-10-13
WS/MP685/2025-2026/196341,599988,1,2025-10-13,2025-10-13
WS/MP685/2026-2027/159572,500000,1,2026-09-07,2026-09-07
WS/MP685/2026-2027/170392,750000,1,2026-08-07,2026-08-07
WS/MP685/2026-2027/170395,500000,1,2026-04-10,2026-04-10
WS/MP685/2026-2027/174726,500000,1,2026-06-22,2026-06-22
WS/MP685/2026-2027/176774,991160,1,2026-05-20,2026-05-20
WS/MP685/2026-2027/182017,696248,1,2026-05-21,2026-05-21
WS/MP685/2026-2027/182018,496562,1,2026-05-21,2026-05-21
WS/MP685/2026-2027/182019,298756,1,2026-05-25,2026-05-25
WS/MP685/2026-2027/182025,698025,1,2026-05-26,2026-05-26
WS/MP685/2026-2027/187647,999992,1,2026-05-21,2026-05-21
WS/MP685/2026-2027/187648,999992,1,2026-08-18,2026-08-18
WS/MP685/2026-2027/187654,250000,1,2026-07-16,2026-07-16
WS/MP685/2026-2027/194546,999946,1,2026-05-18,2026-05-18
WS/MP685/2026-2027/233088,999182,1,2026-05-18,2026-05-18
WS/MP685/2026-2027/233089,994234,1,2026-07-01,2026-07-01
WS/MP685/2026-2027/246450,500000,1,2026-09-01,2026-09-01
WS/MP685/2026-2027/254563,750000,1,2026-06-22,2026-06-22
WS/MP685/2026-2027/257924,500000,1,2026-07-13,2026-07-13
WS/MP687/2024-2025/181205,1091222,1,2025-04-02,2025-04-02
WS/MP687/2025-2026/182068,1200000,1,2025-05-07,2025-05-07
WS/MP687/2025-2026/182080,1497755,2,2025-09-17,2025-10-15
WS/MP687/2025-2026/182081,1247446,1,2025-11-14,2025-11-14
WS/MP687/2025-2026/182083,350000,1,2026-02-18,2026-02-18
WS/MP687/2025-2026/182084,1497402,2,2025-06-30,2025-07-28
WS/MP687/2025-2026/182086,2496670,2,2025-07-01,2025-12-08
WS/MP687/2025-2026/182087,749000,2,2025-06-10,2025-10-17
WS/MP687/2025-2026/182088,1497654,2,2025-07-29,2026-04-08
WS/MP687/2025-2026/182089,999000,2,2025-06-14,2025-10-15
WS/MP687/2025-2026/182090,1200000,1,2025-07-01,2025-07-01
WS/MP687/2025-2026/182094,1499000,2,2025-08-17,2025-12-18
WS/MP687/2025-2026/182096,699000,2,2025-07-22,2026-01-12
WS/MP687/2025-2026/182099,2499000,2,2026-02-13,2026-04-02
WS/MP687/2025-2026/182566,2499000,2,2025-06-17,2025-11-11
WS/MP687/2025-2026/182567,1993457,2,2025-09-25,2026-07-13
WS/MP687/2025-2026/182568,699000,2,2025-09-03,2026-03-23
WS/MP687/2025-2026/182569,2493418,2,2025-09-04,2026-07-13
WS/MP687/2025-2026/182570,1973574,2,2025-07-05,2026-08-20
WS/MP687/2025-2026/182571,1000000,2,2025-07-01,2025-11-13
WS/MP687/2025-2026/182572,999000,2,2025-09-17,2026-07-02
WS/MP687/2025-2026/182573,750000,2,2025-06-11,2025-07-23
WS/MP687/2025-2026/182574,750000,1,2026-02-17,2026-02-17
WS/MP687/2025-2026/187643,1250000,1,2026-02-17,2026-02-17
WS/MP687/2025-2026/199486,1500000,1,2026-03-12,2026-03-12
WS/MP687/2025-2026/219009,750000,2,2025-07-18,2025-11-28
WS/MP687/2025-2026/243666,1000000,1,2026-06-23,2026-06-23
WS/MP687/2025-2026/243670,1492850,2,2025-11-04,2026-08-19
WS/MP687/2025-2026/243673,750000,1,2026-03-25,2026-03-25
WS/MP687/2025-2026/243675,998000,2,2025-10-30,2026-08-04
WS/MP687/2025-2026/243678,1213485,1,2026-04-06,2026-04-06
WS/MP687/2025-2026/243692,1500000,1,2026-01-08,2026-01-08
WS/MP687/2025-2026/243695,2454195,2,2026-01-06,2026-07-21
WS/MP687/2025-2026/243701,1000000,1,2026-03-16,2026-03-16
WS/MP687/2025-2026/243704,750000,1,2026-02-23,2026-02-23
WS/MP687/2025-2026/243712,2499000,2,2025-12-18,2026-06-25
WS/MP687/2025-2026/243729,1250000,1,2026-03-12,2026-03-12
WS/MP687/2025-2026/243731,1498000,2,2025-11-17,2026-03-09
WS/MP687/2025-2026/243734,674000,2,2025-12-15,2026-01-08
WS/MP687/2025-2026/243737,350000,1,2026-01-05,2026-01-05
WS/MP687/2025-2026/268168,750000,1,2026-02-18,2026-02-18
WS/MP687/2026-2027/243661,750000,1,2026-07-23,2026-07-23
WS/MP687/2026-2027/243689,750000,1,2026-04-21,2026-04-21
WS/MP687/2026-2027/243715,500000,1,2026-06-29,2026-06-29
WS/MP687/2026-2027/268167,500000,1,2026-06-22,2026-06-22
WS/MP687/2026-2027/268169,1250000,1,2026-07-23,2026-07-23
WS/MP687/2026-2027/268170,750000,1,2026-06-25,2026-06-25
WS/MP687/2026-2027/268171,300000,1,2026-08-03,2026-08-03
WS/MP687/2026-2027/295798,500000,1,2026-08-03,2026-08-03
WS/MP691/2024-2025/140096,2974718,1,2024-10-07,2024-10-07
WS/MP691/2025-2026/175514,914736,1,2025-12-10,2025-12-10
WS/MP691/2025-2026/237152,1982519,1,2026-01-07,2026-01-07
WS/MP692/2025-2026/164328,498057,1,2025-07-09,2025-07-09
WS/MP692/2025-2026/183601,300000,1,2026-02-10,2026-02-10
WS/MP692/2025-2026/183615,981634,1,2025-09-25,2025-09-25
WS/MP692/2025-2026/183617,994056,1,2026-02-25,2026-02-25
WS/MP692/2025-2026/183620,499986,1,2025-12-02,2025-12-02
WS/MP692/2025-2026/183624,995586,1,2025-12-02,2025-12-02
WS/MP692/2025-2026/183628,993957,1,2026-02-18,2026-02-18
WS/MP692/2025-2026/183629,990000,1,2025-10-16,2025-10-16
WS/MP692/2025-2026/184032,500000,1,2026-01-05,2026-01-05
WS/MP692/2025-2026/185134,984726,1,2025-10-17,2025-10-17
WS/MP692/2026-2027/183341,998723,1,2026-08-28,2026-08-28
WS/MP692/2026-2027/183348,500000,1,2026-06-23,2026-06-23
WS/MP692/2026-2027/183448,500000,1,2026-07-08,2026-07-08
WS/MP692/2026-2027/183452,499596,1,2026-07-20,2026-07-20
WS/MP692/2026-2027/183466,494585,1,2026-07-20,2026-07-20
WS/MP692/2026-2027/183473,499596,1,2026-07-20,2026-07-20
WS/MP692/2026-2027/183477,981670,1,2026-06-23,2026-06-23
WS/MP692/2026-2027/183481,993417,1,2026-05-21,2026-05-21
WS/MP692/2026-2027/183598,297993,1,2026-07-03,2026-07-03
WS/MP692/2026-2027/183611,497140,1,2026-08-18,2026-08-18
WS/MP692/2026-2027/183613,497364,1,2026-06-30,2026-06-30
WS/MP692/2026-2027/183619,979222,1,2026-06-29,2026-06-29
WS/MP692/2026-2027/184035,496034,1,2026-07-16,2026-07-16
WS/MP692/2026-2027/184037,494481,1,2026-07-16,2026-07-16
WS/MP692/2026-2027/184040,497855,1,2026-05-19,2026-05-19
WS/MP692/2026-2027/184071,498330,1,2026-06-30,2026-06-30
WS/MP692/2026-2027/185120,869664,1,2026-05-22,2026-05-22
WS/MP692/2026-2027/185159,936871,1,2026-07-03,2026-07-03
WS/MP692/2026-2027/185176,798957,1,2026-07-21,2026-07-21
WS/MP692/2026-2027/185183,995482,1,2026-06-24,2026-06-24
WS/MP692/2026-2027/185934,994940,1,2026-06-30,2026-06-30
WS/MP692/2026-2027/250945,999255,1,2026-07-06,2026-07-06
WS/MP692/2026-2027/250950,1000000,1,2026-09-03,2026-09-03
WS/MP692/2026-2027/290006,996501,1,2026-08-28,2026-08-28
WS/MP692/2026-2027/290008,985879,1,2026-07-20,2026-07-20
